university_id,assigned,mean_rank,median_rank,std_rank,top1,top2,top5,top10,top20,top50,mean_satisfaction,capacity,utilization,top1_share,top2_share,top5_share,top10_share,top20_share,top50_share
0,124,2.847,3.0,1.282,19,52,119,124,124,124,0.963,124,1.0,0.1532,0.4194,0.9597,1.0,1.0,1.0
1,121,3.438,3.0,1.425,8,32,112,121,121,121,0.951,121,1.0,0.0661,0.2645,0.9256,1.0,1.0,1.0
10,122,3.5,3.0,1.581,12,38,110,122,122,122,0.95,122,1.0,0.0984,0.3115,0.9016,1.0,1.0,1.0
100,47,32.213,33.0,4.75,0,0,0,0,1,47,0.376,47,1.0,0.0,0.0,0.0,0.0,0.0213,1.0
101,125,2.856,3.0,1.223,19,46,123,125,125,125,0.963,125,1.0,0.152,0.368,0.984,1.0,1.0,1.0
102,61,26.311,27.0,5.262,0,0,0,0,8,61,0.494,61,1.0,0.0,0.0,0.0,0.0,0.1311,1.0
103,145,1.048,1.0,0.215,138,145,145,145,145,145,0.999,145,1.0,0.9517,1.0,1.0,1.0,1.0,1.0
104,121,3.248,3.0,1.561,15,44,114,121,121,121,0.955,121,1.0,0.124,0.3636,0.9421,1.0,1.0,1.0
105,62,26.161,26.0,5.164,0,0,0,0,10,62,0.497,62,1.0,0.0,0.0,0.0,0.0,0.1613,1.0
106,126,2.873,3.0,1.35,17,55,119,126,126,126,0.963,126,1.0,0.1349,0.4365,0.9444,1.0,1.0,1.0
107,89,13.382,14.0,3.359,0,0,1,19,89,89,0.752,89,1.0,0.0,0.0,0.0112,0.2135,1.0,1.0
108,119,3.681,4.0,1.529,8,29,106,119,119,119,0.946,119,1.0,0.0672,0.2437,0.8908,1.0,1.0,1.0
109,75,19.987,20.0,3.833,0,0,0,0,44,75,0.62,75,1.0,0.0,0.0,0.0,0.0,0.5867,1.0
11,75,20.947,21.0,4.934,0,0,0,2,36,75,0.601,75,1.0,0.0,0.0,0.0,0.0267,0.48,1.0
110,111,5.55,5.0,2.194,3,10,56,111,111,111,0.909,111,1.0,0.027,0.0901,0.5045,1.0,1.0,1.0
111,58,29.707,30.0,4.717,0,0,0,0,3,58,0.426,58,1.0,0.0,0.0,0.0,0.0,0.0517,1.0
112,80,17.475,18.0,3.792,0,0,1,2,61,80,0.67,80,1.0,0.0,0.0,0.0125,0.025,0.7625,1.0
113,148,1.007,1.0,0.082,147,148,148,148,148,148,1.0,148,1.0,0.9932,1.0,1.0,1.0,1.0,1.0
114,108,6.833,7.0,2.743,2,4,34,96,108,108,0.883,108,1.0,0.0185,0.037,0.3148,0.8889,1.0,1.0
115,67,24.299,25.0,4.268,0,0,0,0,13,67,0.534,67,1.0,0.0,0.0,0.0,0.0,0.194,1.0
116,52,33.385,33.0,4.819,0,0,0,0,0,52,0.352,52,1.0,0.0,0.0,0.0,0.0,0.0,1.0
117,126,2.659,2.0,1.409,29,66,120,126,126,126,0.967,126,1.0,0.2302,0.5238,0.9524,1.0,1.0,1.0
118,77,20.558,21.0,4.922,0,0,0,1,36,77,0.609,77,1.0,0.0,0.0,0.0,0.013,0.4675,1.0
119,128,2.508,2.0,1.23,30,69,126,128,128,128,0.97,128,1.0,0.2344,0.5391,0.9844,1.0,1.0,1.0
12,129,2.295,2.0,1.107,36,78,128,129,129,129,0.974,129,1.0,0.2791,0.6047,0.9922,1.0,1.0,1.0
120,87,15.057,15.0,3.771,0,0,0,10,81,87,0.719,87,1.0,0.0,0.0,0.0,0.1149,0.931,1.0
121,130,2.077,2.0,1.039,46,88,129,130,130,130,0.978,130,1.0,0.3538,0.6769,0.9923,1.0,1.0,1.0
122,118,4.11,4.0,1.763,9,25,92,118,118,118,0.938,118,1.0,0.0763,0.2119,0.7797,1.0,1.0,1.0
123,152,1.0,1.0,0.0,152,152,152,152,152,152,1.0,152,1.0,1.0,1.0,1.0,1.0,1.0,1.0
124,98,10.102,10.0,3.884,0,2,11,52,98,98,0.818,98,1.0,0.0,0.0204,0.1122,0.5306,1.0,1.0
125,101,9.099,9.0,2.992,0,1,11,68,101,101,0.838,101,1.0,0.0,0.0099,0.1089,0.6733,1.0,1.0
126,114,5.518,5.0,2.355,4,10,58,113,114,114,0.91,114,1.0,0.0351,0.0877,0.5088,0.9912,1.0,1.0
127,72,21.278,21.5,4.406,0,0,0,1,29,72,0.594,72,1.0,0.0,0.0,0.0,0.0139,0.4028,1.0
128,57,27.789,28.0,4.439,0,0,0,0,3,57,0.464,57,1.0,0.0,0.0,0.0,0.0,0.0526,1.0
129,136,1.684,2.0,0.747,63,119,136,136,136,136,0.986,136,1.0,0.4632,0.875,1.0,1.0,1.0,1.0
13,112,5.92,6.0,2.302,2,10,45,109,112,112,0.902,112,1.0,0.0179,0.0893,0.4018,0.9732,1.0,1.0
130,80,18.288,18.0,3.684,0,0,0,3,56,80,0.654,80,1.0,0.0,0.0,0.0,0.0375,0.7,1.0
131,79,17.253,17.0,4.307,0,0,0,5,61,79,0.675,79,1.0,0.0,0.0,0.0,0.0633,0.7722,1.0
132,151,1.0,1.0,0.0,151,151,151,151,151,151,1.0,151,1.0,1.0,1.0,1.0,1.0,1.0,1.0
133,92,12.011,12.0,3.346,0,1,2,27,92,92,0.78,92,1.0,0.0,0.0109,0.0217,0.2935,1.0,1.0
134,65,27.815,28.0,4.0,0,0,0,0,2,65,0.464,65,1.0,0.0,0.0,0.0,0.0,0.0308,1.0
135,96,10.438,10.0,3.485,1,1,7,54,96,96,0.811,96,1.0,0.0104,0.0104,0.0729,0.5625,1.0,1.0
136,60,27.983,28.5,5.586,0,0,0,0,7,60,0.46,60,1.0,0.0,0.0,0.0,0.0,0.1167,1.0
137,55,30.782,31.0,5.087,0,0,0,0,3,55,0.404,55,1.0,0.0,0.0,0.0,0.0,0.0545,1.0
138,120,3.55,3.0,1.56,11,32,105,120,120,120,0.949,120,1.0,0.0917,0.2667,0.875,1.0,1.0,1.0
139,68,24.044,24.5,5.279,0,0,1,1,14,68,0.539,68,1.0,0.0,0.0,0.0147,0.0147,0.2059,1.0
14,73,19.671,19.0,3.986,0,0,0,1,44,73,0.627,73,1.0,0.0,0.0,0.0,0.0137,0.6027,1.0
140,137,1.686,2.0,0.683,60,120,137,137,137,137,0.986,137,1.0,0.438,0.8759,1.0,1.0,1.0,1.0
141,147,1.027,1.0,0.163,143,147,147,147,147,147,0.999,147,1.0,0.9728,1.0,1.0,1.0,1.0,1.0
142,85,15.976,16.0,3.94,0,0,0,8,73,85,0.7,85,1.0,0.0,0.0,0.0,0.0941,0.8588,1.0
143,91,12.473,13.0,3.701,0,0,2,27,90,91,0.771,91,1.0,0.0,0.0,0.022,0.2967,0.989,1.0
144,71,21.775,23.0,4.482,0,0,0,1,27,71,0.585,71,1.0,0.0,0.0,0.0,0.0141,0.3803,1.0
145,86,15.953,16.0,3.662,0,0,0,10,76,86,0.701,86,1.0,0.0,0.0,0.0,0.1163,0.8837,1.0
146,142,1.282,1.0,0.467,103,141,142,142,142,142,0.994,142,1.0,0.7254,0.993,1.0,1.0,1.0,1.0
147,152,1.0,1.0,0.0,152,152,152,152,152,152,1.0,152,1.0,1.0,1.0,1.0,1.0,1.0,1.0
148,111,5.865,6.0,1.923,3,4,46,111,111,111,0.903,111,1.0,0.027,0.036,0.4144,1.0,1.0,1.0
149,54,30.019,30.0,4.049,0,0,0,0,0,54,0.42,54,1.0,0.0,0.0,0.0,0.0,0.0,1.0
15,144,1.139,1.0,0.347,124,144,144,144,144,144,0.997,144,1.0,0.8611,1.0,1.0,1.0,1.0,1.0
150,142,1.197,1.0,0.399,114,142,142,142,142,142,0.996,142,1.0,0.8028,1.0,1.0,1.0,1.0,1.0
151,141,1.348,1.0,0.478,92,141,141,141,141,141,0.993,141,1.0,0.6525,1.0,1.0,1.0,1.0,1.0
152,127,2.795,3.0,1.217,19,55,124,127,127,127,0.964,127,1.0,0.1496,0.4331,0.9764,1.0,1.0,1.0
153,97,9.979,10.0,3.106,0,0,6,56,97,97,0.82,97,1.0,0.0,0.0,0.0619,0.5773,1.0,1.0
154,52,31.231,31.0,5.012,0,0,0,0,0,52,0.395,52,1.0,0.0,0.0,0.0,0.0,0.0,1.0
155,140,1.329,1.0,0.529,98,136,140,140,140,140,0.993,140,1.0,0.7,0.9714,1.0,1.0,1.0,1.0
156,145,1.062,1.0,0.242,136,145,145,145,145,145,0.999,145,1.0,0.9379,1.0,1.0,1.0,1.0,1.0
157,117,4.0,4.0,1.815,8,21,93,117,117,117,0.94,117,1.0,0.0684,0.1795,0.7949,1.0,1.0,1.0
158,110,6.745,7.0,2.543,2,5,33,101,110,110,0.885,110,1.0,0.0182,0.0455,0.3,0.9182,1.0,1.0
159,72,23.042,23.5,4.009,0,0,0,0,16,72,0.559,72,1.0,0.0,0.0,0.0,0.0,0.2222,1.0
16,142,1.232,1.0,0.44,110,141,142,142,142,142,0.995,142,1.0,0.7746,0.993,1.0,1.0,1.0,1.0
160,81,16.63,17.0,3.713,0,0,1,6,74,81,0.687,81,1.0,0.0,0.0,0.0123,0.0741,0.9136,1.0
161,118,3.788,4.0,1.694,9,26,102,118,118,118,0.944,118,1.0,0.0763,0.2203,0.8644,1.0,1.0,1.0
162,132,1.886,2.0,0.835,46,108,132,132,132,132,0.982,132,1.0,0.3485,0.8182,1.0,1.0,1.0,1.0
163,105,7.905,8.0,2.555,0,1,13,93,105,105,0.862,105,1.0,0.0,0.0095,0.1238,0.8857,1.0,1.0
164,61,27.689,28.0,4.023,0,0,0,0,3,61,0.466,61,1.0,0.0,0.0,0.0,0.0,0.0492,1.0
165,148,1.0,1.0,0.0,148,148,148,148,148,148,1.0,148,1.0,1.0,1.0,1.0,1.0,1.0,1.0
166,139,1.273,1.0,0.463,102,138,139,139,139,139,0.995,139,1.0,0.7338,0.9928,1.0,1.0,1.0,1.0
167,147,1.014,1.0,0.116,145,147,147,147,147,147,1.0,147,1.0,0.9864,1.0,1.0,1.0,1.0,1.0
168,86,14.302,15.0,3.646,0,0,1,16,82,86,0.734,86,1.0,0.0,0.0,0.0116,0.186,0.9535,1.0
169,81,17.58,17.0,3.987,0,0,0,4,60,81,0.668,81,1.0,0.0,0.0,0.0,0.0494,0.7407,1.0
17,102,7.775,8.0,2.617,1,1,23,83,102,102,0.865,102,1.0,0.0098,0.0098,0.2255,0.8137,1.0,1.0
170,103,8.864,9.0,2.967,0,0,16,69,103,103,0.843,103,1.0,0.0,0.0,0.1553,0.6699,1.0,1.0
171,120,3.708,3.0,1.722,7,35,99,120,120,120,0.946,120,1.0,0.0583,0.2917,0.825,1.0,1.0,1.0
172,55,32.709,34.0,4.852,0,0,0,0,0,55,0.366,55,1.0,0.0,0.0,0.0,0.0,0.0,1.0
173,154,1.0,1.0,0.0,154,154,154,154,154,154,1.0,154,1.0,1.0,1.0,1.0,1.0,1.0,1.0
174,125,3.016,3.0,1.408,17,53,118,125,125,125,0.96,125,1.0,0.136,0.424,0.944,1.0,1.0,1.0
175,47,34.617,35.0,6.145,0,0,0,0,1,47,0.328,47,1.0,0.0,0.0,0.0,0.0,0.0213,1.0
176,113,4.841,5.0,2.038,4,12,67,112,113,113,0.923,113,1.0,0.0354,0.1062,0.5929,0.9912,1.0,1.0
177,146,1.068,1.0,0.253,136,146,146,146,146,146,0.999,146,1.0,0.9315,1.0,1.0,1.0,1.0,1.0
178,130,2.162,2.0,0.987,38,84,130,130,130,130,0.977,130,1.0,0.2923,0.6462,1.0,1.0,1.0,1.0
179,101,8.238,8.0,3.134,1,3,21,81,101,101,0.855,101,1.0,0.0099,0.0297,0.2079,0.802,1.0,1.0
18,134,1.843,2.0,0.874,56,105,134,134,134,134,0.983,134,1.0,0.4179,0.7836,1.0,1.0,1.0,1.0
180,55,31.545,31.0,4.413,0,0,0,0,1,55,0.389,55,1.0,0.0,0.0,0.0,0.0,0.0182,1.0
181,128,2.25,2.0,1.115,41,78,128,128,128,128,0.975,128,1.0,0.3203,0.6094,1.0,1.0,1.0,1.0
182,52,32.019,32.0,4.137,0,0,0,0,0,52,0.38,52,1.0,0.0,0.0,0.0,0.0,0.0,1.0
183,134,1.731,2.0,0.717,55,117,134,134,134,134,0.985,134,1.0,0.4104,0.8731,1.0,1.0,1.0,1.0
184,108,6.056,6.0,2.139,2,7,40,107,108,108,0.899,108,1.0,0.0185,0.0648,0.3704,0.9907,1.0,1.0
185,94,12.149,12.0,3.58,0,0,2,28,94,94,0.777,94,1.0,0.0,0.0,0.0213,0.2979,1.0,1.0
186,69,25.159,26.0,4.507,0,0,0,0,10,69,0.517,69,1.0,0.0,0.0,0.0,0.0,0.1449,1.0
187,72,22.542,23.0,4.282,0,0,0,0,24,72,0.569,72,1.0,0.0,0.0,0.0,0.0,0.3333,1.0
188,109,6.073,6.0,1.975,3,4,43,108,109,109,0.899,109,1.0,0.0275,0.0367,0.3945,0.9908,1.0,1.0
189,98,9.459,9.0,3.215,0,2,8,58,98,98,0.831,98,1.0,0.0,0.0204,0.0816,0.5918,1.0,1.0
19,146,1.11,1.0,0.313,130,146,146,146,146,146,0.998,146,1.0,0.8904,1.0,1.0,1.0,1.0,1.0
190,90,12.733,13.0,3.839,0,0,3,22,88,90,0.765,90,1.0,0.0,0.0,0.0333,0.2444,0.9778,1.0
191,89,13.404,14.0,3.483,0,0,1,18,89,89,0.752,89,1.0,0.0,0.0,0.0112,0.2022,1.0,1.0
192,138,1.486,1.0,0.595,78,131,138,138,138,138,0.99,138,1.0,0.5652,0.9493,1.0,1.0,1.0,1.0
193,81,16.506,17.0,3.785,0,0,0,7,71,81,0.69,81,1.0,0.0,0.0,0.0,0.0864,0.8765,1.0
194,131,1.969,2.0,0.928,50,93,131,131,131,131,0.981,131,1.0,0.3817,0.7099,1.0,1.0,1.0,1.0
195,93,10.419,11.0,3.475,0,0,9,46,93,93,0.812,93,1.0,0.0,0.0,0.0968,0.4946,1.0,1.0
196,134,1.784,2.0,0.835,58,111,134,134,134,134,0.984,134,1.0,0.4328,0.8284,1.0,1.0,1.0,1.0
197,71,21.845,22.0,4.197,0,0,0,0,25,71,0.583,71,1.0,0.0,0.0,0.0,0.0,0.3521,1.0
198,139,1.345,1.0,0.561,97,133,139,139,139,139,0.993,139,1.0,0.6978,0.9568,1.0,1.0,1.0,1.0
199,154,1.0,1.0,0.0,154,154,154,154,154,154,1.0,154,1.0,1.0,1.0,1.0,1.0,1.0,1.0
2,67,24.269,24.0,4.464,0,0,0,0,13,67,0.535,67,1.0,0.0,0.0,0.0,0.0,0.194,1.0
20,90,12.856,13.0,3.317,0,0,2,19,89,90,0.763,90,1.0,0.0,0.0,0.0222,0.2111,0.9889,1.0
200,76,20.789,22.0,4.628,0,0,0,1,30,76,0.604,76,1.0,0.0,0.0,0.0,0.0132,0.3947,1.0
201,63,26.079,26.0,4.155,0,0,0,0,5,63,0.498,63,1.0,0.0,0.0,0.0,0.0,0.0794,1.0
202,73,22.11,22.0,4.596,0,0,0,1,24,73,0.578,73,1.0,0.0,0.0,0.0,0.0137,0.3288,1.0
203,93,11.194,11.0,2.837,0,0,3,37,93,93,0.796,93,1.0,0.0,0.0,0.0323,0.3978,1.0,1.0
204,92,12.13,12.0,3.211,0,0,2,28,92,92,0.777,92,1.0,0.0,0.0,0.0217,0.3043,1.0,1.0
205,109,7.0,7.0,2.732,3,11,31,99,109,109,0.88,109,1.0,0.0275,0.1009,0.2844,0.9083,1.0,1.0
206,68,24.956,24.5,3.972,0,0,0,0,12,68,0.521,68,1.0,0.0,0.0,0.0,0.0,0.1765,1.0
207,140,1.329,1.0,0.529,98,136,140,140,140,140,0.993,140,1.0,0.7,0.9714,1.0,1.0,1.0,1.0
208,71,22.761,23.0,4.761,0,0,0,1,23,71,0.565,71,1.0,0.0,0.0,0.0,0.0141,0.3239,1.0
209,93,13.29,14.0,3.299,0,0,2,15,92,93,0.754,93,1.0,0.0,0.0,0.0215,0.1613,0.9892,1.0
21,56,32.286,32.0,5.041,0,0,0,0,2,56,0.374,56,1.0,0.0,0.0,0.0,0.0,0.0357,1.0
210,87,16.23,16.0,3.605,0,0,1,3,78,87,0.695,87,1.0,0.0,0.0,0.0115,0.0345,0.8966,1.0
211,80,16.087,16.0,4.045,0,0,0,7,67,80,0.698,80,1.0,0.0,0.0,0.0,0.0875,0.8375,1.0
212,82,15.561,15.5,3.997,0,0,1,9,73,82,0.709,82,1.0,0.0,0.0,0.0122,0.1098,0.8902,1.0
213,106,7.217,7.0,2.662,1,5,30,94,106,106,0.876,106,1.0,0.0094,0.0472,0.283,0.8868,1.0,1.0
214,58,27.724,27.0,4.561,0,0,0,0,1,58,0.466,58,1.0,0.0,0.0,0.0,0.0,0.0172,1.0
215,112,5.464,5.0,1.972,0,8,59,112,112,112,0.911,112,1.0,0.0,0.0714,0.5268,1.0,1.0,1.0
216,153,1.0,1.0,0.0,153,153,153,153,153,153,1.0,153,1.0,1.0,1.0,1.0,1.0,1.0,1.0
217,55,31.564,33.0,5.682,0,0,0,0,3,55,0.389,55,1.0,0.0,0.0,0.0,0.0,0.0545,1.0
218,90,13.444,14.0,3.986,0,0,1,23,85,90,0.751,90,1.0,0.0,0.0,0.0111,0.2556,0.9444,1.0
219,113,5.619,6.0,2.201,5,12,53,111,113,113,0.908,113,1.0,0.0442,0.1062,0.469,0.9823,1.0,1.0
22,120,3.858,4.0,1.641,7,27,99,120,120,120,0.943,120,1.0,0.0583,0.225,0.825,1.0,1.0,1.0
220,83,15.217,15.0,3.898,0,0,1,8,78,83,0.716,83,1.0,0.0,0.0,0.012,0.0964,0.9398,1.0
221,135,1.733,2.0,0.839,65,111,135,135,135,135,0.985,135,1.0,0.4815,0.8222,1.0,1.0,1.0,1.0
222,123,3.073,3.0,1.427,17,50,116,123,123,123,0.959,123,1.0,0.1382,0.4065,0.9431,1.0,1.0,1.0
223,84,15.024,15.0,3.65,0,0,1,9,79,84,0.72,84,1.0,0.0,0.0,0.0119,0.1071,0.9405,1.0
224,58,29.259,30.0,4.594,0,0,0,0,2,58,0.435,58,1.0,0.0,0.0,0.0,0.0,0.0345,1.0
225,152,1.0,1.0,0.0,152,152,152,152,152,152,1.0,152,1.0,1.0,1.0,1.0,1.0,1.0,1.0
226,78,19.679,20.0,3.819,0,0,0,1,43,78,0.626,78,1.0,0.0,0.0,0.0,0.0128,0.5513,1.0
227,94,10.957,11.0,3.51,0,1,7,43,94,94,0.801,94,1.0,0.0,0.0106,0.0745,0.4574,1.0,1.0
228,72,22.583,22.5,4.363,0,0,0,0,20,72,0.568,72,1.0,0.0,0.0,0.0,0.0,0.2778,1.0
229,84,17.964,18.0,4.58,0,0,0,8,59,84,0.661,84,1.0,0.0,0.0,0.0,0.0952,0.7024,1.0
23,78,20.321,20.0,3.805,0,0,0,1,42,78,0.614,78,1.0,0.0,0.0,0.0,0.0128,0.5385,1.0
230,103,7.796,8.0,2.788,1,2,24,85,103,103,0.864,103,1.0,0.0097,0.0194,0.233,0.8252,1.0,1.0
231,50,35.18,35.5,4.898,0,0,0,0,0,50,0.316,50,1.0,0.0,0.0,0.0,0.0,0.0,1.0
232,92,11.848,11.5,3.564,0,0,3,36,92,92,0.783,92,1.0,0.0,0.0,0.0326,0.3913,1.0,1.0
233,127,2.346,2.0,1.143,30,82,126,127,127,127,0.973,127,1.0,0.2362,0.6457,0.9921,1.0,1.0,1.0
234,121,3.545,3.0,1.581,10,34,106,121,121,121,0.949,121,1.0,0.0826,0.281,0.876,1.0,1.0,1.0
235,115,4.826,5.0,1.957,1,17,78,114,115,115,0.923,115,1.0,0.0087,0.1478,0.6783,0.9913,1.0,1.0
236,92,12.717,13.0,4.104,0,0,5,27,91,92,0.766,92,1.0,0.0,0.0,0.0543,0.2935,0.9891,1.0
237,116,3.966,4.0,1.879,9,25,91,116,116,116,0.941,116,1.0,0.0776,0.2155,0.7845,1.0,1.0,1.0
238,117,4.214,4.0,1.756,6,21,89,117,117,117,0.936,117,1.0,0.0513,0.1795,0.7607,1.0,1.0,1.0
239,81,17.333,17.0,4.237,0,0,1,5,60,81,0.673,81,1.0,0.0,0.0,0.0123,0.0617,0.7407,1.0
24,82,16.622,17.0,4.183,0,0,1,5,70,82,0.688,82,1.0,0.0,0.0,0.0122,0.061,0.8537,1.0
240,112,5.295,5.0,2.121,3,10,59,110,112,112,0.914,112,1.0,0.0268,0.0893,0.5268,0.9821,1.0,1.0
241,113,6.027,6.0,2.309,2,11,44,113,113,113,0.899,113,1.0,0.0177,0.0973,0.3894,1.0,1.0,1.0
242,85,15.176,15.0,3.83,0,0,1,8,78,85,0.716,85,1.0,0.0,0.0,0.0118,0.0941,0.9176,1.0
243,151,1.0,1.0,0.0,151,151,151,151,151,151,1.0,151,1.0,1.0,1.0,1.0,1.0,1.0,1.0
244,116,4.328,4.0,1.946,6,23,88,115,116,116,0.933,116,1.0,0.0517,0.1983,0.7586,0.9914,1.0,1.0
245,99,9.939,10.0,3.443,0,1,11,59,99,99,0.821,99,1.0,0.0,0.0101,0.1111,0.596,1.0,1.0
246,119,3.504,3.0,1.478,7,34,108,119,119,119,0.95,119,1.0,0.0588,0.2857,0.9076,1.0,1.0,1.0
247,47,34.128,35.0,5.448,0,0,0,0,0,47,0.337,47,1.0,0.0,0.0,0.0,0.0,0.0,1.0
248,77,19.558,20.0,3.82,0,0,0,0,45,77,0.629,77,1.0,0.0,0.0,0.0,0.0,0.5844,1.0
249,129,2.155,2.0,1.027,38,88,129,129,129,129,0.977,129,1.0,0.2946,0.6822,1.0,1.0,1.0,1.0
25,94,10.872,11.0,3.335,1,2,3,44,94,94,0.803,94,1.0,0.0106,0.0213,0.0319,0.4681,1.0,1.0
250,108,5.889,6.0,2.248,1,5,46,105,108,108,0.902,108,1.0,0.0093,0.0463,0.4259,0.9722,1.0,1.0
251,153,1.0,1.0,0.0,153,153,153,153,153,153,1.0,153,1.0,1.0,1.0,1.0,1.0,1.0,1.0
252,65,24.385,24.0,4.425,0,0,0,0,13,65,0.532,65,1.0,0.0,0.0,0.0,0.0,0.2,1.0
253,92,12.87,14.0,3.662,1,1,3,22,92,92,0.763,92,1.0,0.0109,0.0109,0.0326,0.2391,1.0,1.0
254,72,21.903,22.0,3.846,0,0,0,0,26,72,0.582,72,1.0,0.0,0.0,0.0,0.0,0.3611,1.0
255,89,14.0,14.0,3.796,0,0,1,16,85,89,0.74,89,1.0,0.0,0.0,0.0112,0.1798,0.9551,1.0
256,67,25.776,26.0,4.067,0,0,0,0,7,67,0.504,67,1.0,0.0,0.0,0.0,0.0,0.1045,1.0
257,138,1.319,1.0,0.54,99,133,138,138,138,138,0.994,138,1.0,0.7174,0.9638,1.0,1.0,1.0,1.0
258,148,1.034,1.0,0.181,143,148,148,148,148,148,0.999,148,1.0,0.9662,1.0,1.0,1.0,1.0,1.0
259,101,9.733,10.0,3.426,1,1,10,60,101,101,0.825,101,1.0,0.0099,0.0099,0.099,0.5941,1.0,1.0
26,87,14.92,16.0,3.853,0,0,1,13,85,87,0.722,87,1.0,0.0,0.0,0.0115,0.1494,0.977,1.0
260,66,25.561,26.0,4.943,0,0,0,0,10,66,0.509,66,1.0,0.0,0.0,0.0,0.0,0.1515,1.0
261,95,10.505,10.0,3.42,0,1,4,50,95,95,0.81,95,1.0,0.0,0.0105,0.0421,0.5263,1.0,1.0
262,98,9.878,10.0,2.926,0,0,5,60,98,98,0.822,98,1.0,0.0,0.0,0.051,0.6122,1.0,1.0
263,106,7.434,7.5,2.771,0,7,26,94,106,106,0.871,106,1.0,0.0,0.066,0.2453,0.8868,1.0,1.0
264,62,27.484,28.0,4.672,0,0,0,0,5,62,0.47,62,1.0,0.0,0.0,0.0,0.0,0.0806,1.0
265,124,2.992,3.0,1.24,12,48,121,124,124,124,0.96,124,1.0,0.0968,0.3871,0.9758,1.0,1.0,1.0
266,53,33.528,34.0,4.81,0,0,0,0,1,53,0.349,53,1.0,0.0,0.0,0.0,0.0,0.0189,1.0
267,121,3.033,3.0,1.511,21,48,112,121,121,121,0.959,121,1.0,0.1736,0.3967,0.9256,1.0,1.0,1.0
268,52,33.731,34.0,4.243,0,0,0,0,0,52,0.345,52,1.0,0.0,0.0,0.0,0.0,0.0,1.0
269,82,15.427,15.5,4.45,0,0,3,11,71,82,0.711,82,1.0,0.0,0.0,0.0366,0.1341,0.8659,1.0
27,151,1.0,1.0,0.0,151,151,151,151,151,151,1.0,151,1.0,1.0,1.0,1.0,1.0,1.0,1.0
270,111,5.703,6.0,2.164,2,6,47,108,111,111,0.906,111,1.0,0.018,0.0541,0.4234,0.973,1.0,1.0
271,53,30.66,30.0,5.36,0,0,0,0,2,53,0.407,53,1.0,0.0,0.0,0.0,0.0,0.0377,1.0
272,89,14.652,15.0,3.368,0,0,0,12,86,89,0.727,89,1.0,0.0,0.0,0.0,0.1348,0.9663,1.0
273,123,2.846,3.0,1.337,22,51,118,123,123,123,0.963,123,1.0,0.1789,0.4146,0.9593,1.0,1.0,1.0
274,117,4.094,4.0,1.824,8,26,92,117,117,117,0.938,117,1.0,0.0684,0.2222,0.7863,1.0,1.0,1.0
275,91,12.637,13.0,3.79,0,0,2,30,90,91,0.767,91,1.0,0.0,0.0,0.022,0.3297,0.989,1.0
276,140,1.3,1.0,0.505,101,137,140,140,140,140,0.994,140,1.0,0.7214,0.9786,1.0,1.0,1.0,1.0
277,152,1.0,1.0,0.0,152,152,152,152,152,152,1.0,152,1.0,1.0,1.0,1.0,1.0,1.0,1.0
278,139,1.381,1.0,0.544,90,135,139,139,139,139,0.992,139,1.0,0.6475,0.9712,1.0,1.0,1.0,1.0
279,84,15.083,16.0,3.995,0,0,1,14,76,84,0.718,84,1.0,0.0,0.0,0.0119,0.1667,0.9048,1.0
28,118,4.28,4.0,1.974,10,23,86,118,118,118,0.934,118,1.0,0.0847,0.1949,0.7288,1.0,1.0,1.0
280,48,31.333,32.0,6.389,0,0,0,0,1,48,0.393,48,1.0,0.0,0.0,0.0,0.0,0.0208,1.0
281,115,4.426,4.0,1.864,4,21,78,115,115,115,0.931,115,1.0,0.0348,0.1826,0.6783,1.0,1.0,1.0
282,84,16.44,17.0,3.995,0,0,0,6,71,84,0.691,84,1.0,0.0,0.0,0.0,0.0714,0.8452,1.0
283,149,1.0,1.0,0.0,149,149,149,149,149,149,1.0,149,1.0,1.0,1.0,1.0,1.0,1.0,1.0
284,122,3.828,4.0,1.709,11,25,99,122,122,122,0.943,122,1.0,0.0902,0.2049,0.8115,1.0,1.0,1.0
285,60,28.217,29.0,4.633,0,0,0,0,3,60,0.456,60,1.0,0.0,0.0,0.0,0.0,0.05,1.0
286,62,27.629,27.0,5.249,0,0,0,0,6,62,0.467,62,1.0,0.0,0.0,0.0,0.0,0.0968,1.0
287,101,8.861,9.0,3.037,0,1,14,72,101,101,0.843,101,1.0,0.0,0.0099,0.1386,0.7129,1.0,1.0
288,80,16.938,17.0,4.178,0,0,0,5,60,80,0.681,80,1.0,0.0,0.0,0.0,0.0625,0.75,1.0
289,139,1.36,1.0,0.525,92,136,139,139,139,139,0.993,139,1.0,0.6619,0.9784,1.0,1.0,1.0,1.0
29,153,1.0,1.0,0.0,153,153,153,153,153,153,1.0,153,1.0,1.0,1.0,1.0,1.0,1.0,1.0
290,116,4.681,4.0,2.007,4,16,78,116,116,116,0.926,116,1.0,0.0345,0.1379,0.6724,1.0,1.0,1.0
291,69,21.594,22.0,3.863,0,0,0,0,27,69,0.588,69,1.0,0.0,0.0,0.0,0.0,0.3913,1.0
292,83,16.386,17.0,4.547,0,0,0,12,67,83,0.692,83,1.0,0.0,0.0,0.0,0.1446,0.8072,1.0
293,50,33.88,35.0,4.918,0,0,0,0,1,50,0.342,50,1.0,0.0,0.0,0.0,0.0,0.02,1.0
294,61,30.295,31.0,5.429,0,0,0,0,2,61,0.414,61,1.0,0.0,0.0,0.0,0.0,0.0328,1.0
295,138,1.384,1.0,0.571,91,132,138,138,138,138,0.992,138,1.0,0.6594,0.9565,1.0,1.0,1.0,1.0
296,133,1.857,2.0,0.818,48,110,133,133,133,133,0.983,133,1.0,0.3609,0.8271,1.0,1.0,1.0,1.0
297,58,26.931,26.5,4.913,0,0,0,0,4,58,0.481,58,1.0,0.0,0.0,0.0,0.0,0.069,1.0
298,130,1.938,2.0,0.833,43,101,130,130,130,130,0.981,130,1.0,0.3308,0.7769,1.0,1.0,1.0,1.0
299,141,1.199,1.0,0.4,113,141,141,141,141,141,0.996,141,1.0,0.8014,1.0,1.0,1.0,1.0,1.0
3,154,1.0,1.0,0.0,154,154,154,154,154,154,1.0,154,1.0,1.0,1.0,1.0,1.0,1.0,1.0
30,48,35.167,35.5,5.329,0,0,0,0,0,48,0.317,48,1.0,0.0,0.0,0.0,0.0,0.0,1.0
300,95,11.716,12.0,3.234,0,0,4,32,95,95,0.786,95,1.0,0.0,0.0,0.0421,0.3368,1.0,1.0
301,118,3.619,3.0,1.664,13,30,106,118,118,118,0.948,118,1.0,0.1102,0.2542,0.8983,1.0,1.0,1.0
302,66,25.152,25.0,4.07,0,0,0,0,7,66,0.517,66,1.0,0.0,0.0,0.0,0.0,0.1061,1.0
303,108,7.083,7.0,2.835,1,8,32,98,108,108,0.878,108,1.0,0.0093,0.0741,0.2963,0.9074,1.0,1.0
304,149,1.0,1.0,0.0,149,149,149,149,149,149,1.0,149,1.0,1.0,1.0,1.0,1.0,1.0,1.0
305,88,13.114,14.0,3.694,0,0,2,21,87,88,0.758,88,1.0,0.0,0.0,0.0227,0.2386,0.9886,1.0
306,120,3.708,4.0,1.579,8,30,103,120,120,120,0.946,120,1.0,0.0667,0.25,0.8583,1.0,1.0,1.0
307,143,1.07,1.0,0.256,133,143,143,143,143,143,0.999,143,1.0,0.9301,1.0,1.0,1.0,1.0,1.0
308,110,5.836,6.0,2.244,1,6,50,105,110,110,0.903,110,1.0,0.0091,0.0545,0.4545,0.9545,1.0,1.0
309,152,1.0,1.0,0.0,152,152,152,152,152,152,1.0,152,1.0,1.0,1.0,1.0,1.0,1.0,1.0
31,69,24.942,25.0,5.685,0,0,0,2,11,69,0.521,69,1.0,0.0,0.0,0.0,0.029,0.1594,1.0
310,149,1.0,1.0,0.0,149,149,149,149,149,149,1.0,149,1.0,1.0,1.0,1.0,1.0,1.0,1.0
311,132,1.811,2.0,0.875,60,102,132,132,132,132,0.984,132,1.0,0.4545,0.7727,1.0,1.0,1.0,1.0
312,137,1.511,1.0,0.643,78,126,137,137,137,137,0.99,137,1.0,0.5693,0.9197,1.0,1.0,1.0,1.0
313,133,1.977,2.0,0.848,42,101,133,133,133,133,0.98,133,1.0,0.3158,0.7594,1.0,1.0,1.0,1.0
314,125,2.744,3.0,1.319,25,58,121,125,125,125,0.965,125,1.0,0.2,0.464,0.968,1.0,1.0,1.0
315,56,30.536,31.0,4.884,0,0,0,0,1,56,0.409,56,1.0,0.0,0.0,0.0,0.0,0.0179,1.0
316,74,20.716,21.0,4.299,0,0,0,2,33,74,0.606,74,1.0,0.0,0.0,0.0,0.027,0.4459,1.0
317,102,8.922,9.0,2.872,1,2,10,70,102,102,0.842,102,1.0,0.0098,0.0196,0.098,0.6863,1.0,1.0
318,74,21.486,22.0,4.139,0,0,0,0,25,74,0.59,74,1.0,0.0,0.0,0.0,0.0,0.3378,1.0
319,60,27.067,27.5,4.733,0,0,0,0,6,60,0.479,60,1.0,0.0,0.0,0.0,0.0,0.1,1.0
32,114,4.921,5.0,2.027,4,12,73,114,114,114,0.922,114,1.0,0.0351,0.1053,0.6404,1.0,1.0,1.0
320,133,1.782,2.0,0.772,54,111,133,133,133,133,0.984,133,1.0,0.406,0.8346,1.0,1.0,1.0,1.0
321,98,9.765,10.0,3.226,0,1,11,58,98,98,0.825,98,1.0,0.0,0.0102,0.1122,0.5918,1.0,1.0
322,153,1.0,1.0,0.0,153,153,153,153,153,153,1.0,153,1.0,1.0,1.0,1.0,1.0,1.0,1.0
323,134,1.679,1.0,0.8,68,112,134,134,134,134,0.986,134,1.0,0.5075,0.8358,1.0,1.0,1.0,1.0
324,91,13.352,13.0,3.045,0,0,0,12,90,91,0.753,91,1.0,0.0,0.0,0.0,0.1319,0.989,1.0
325,114,4.868,5.0,2.114,6,18,70,114,114,114,0.923,114,1.0,0.0526,0.1579,0.614,1.0,1.0,1.0
326,84,14.667,15.0,3.691,0,0,0,10,81,84,0.727,84,1.0,0.0,0.0,0.0,0.119,0.9643,1.0
327,55,30.527,31.0,5.135,0,0,0,0,3,55,0.409,55,1.0,0.0,0.0,0.0,0.0,0.0545,1.0
328,141,1.284,1.0,0.452,101,141,141,141,141,141,0.994,141,1.0,0.7163,1.0,1.0,1.0,1.0,1.0
329,74,18.743,19.0,4.617,0,0,0,5,46,74,0.645,74,1.0,0.0,0.0,0.0,0.0676,0.6216,1.0
33,138,1.413,1.0,0.563,86,133,138,138,138,138,0.992,138,1.0,0.6232,0.9638,1.0,1.0,1.0,1.0
330,46,34.652,35.5,5.117,0,0,0,0,0,46,0.327,46,1.0,0.0,0.0,0.0,0.0,0.0,1.0
331,99,9.899,10.0,2.981,0,0,10,57,99,99,0.822,99,1.0,0.0,0.0,0.101,0.5758,1.0,1.0
332,106,7.292,7.0,2.811,1,5,26,93,106,106,0.874,106,1.0,0.0094,0.0472,0.2453,0.8774,1.0,1.0
333,152,1.0,1.0,0.0,152,152,152,152,152,152,1.0,152,1.0,1.0,1.0,1.0,1.0,1.0,1.0
334,106,7.415,7.0,2.851,1,4,26,87,106,106,0.872,106,1.0,0.0094,0.0377,0.2453,0.8208,1.0,1.0
335,61,26.705,27.0,4.821,0,0,0,0,5,61,0.486,61,1.0,0.0,0.0,0.0,0.0,0.082,1.0
336,54,31.537,33.0,5.215,0,0,0,0,3,54,0.389,54,1.0,0.0,0.0,0.0,0.0,0.0556,1.0
337,115,4.557,4.0,1.907,6,15,80,115,115,115,0.929,115,1.0,0.0522,0.1304,0.6957,1.0,1.0,1.0
338,144,1.132,1.0,0.34,125,144,144,144,144,144,0.997,144,1.0,0.8681,1.0,1.0,1.0,1.0,1.0
339,140,1.471,1.0,0.617,83,131,140,140,140,140,0.991,140,1.0,0.5929,0.9357,1.0,1.0,1.0,1.0
34,80,17.838,18.0,4.033,0,0,0,4,60,80,0.663,80,1.0,0.0,0.0,0.0,0.05,0.75,1.0
340,143,1.203,1.0,0.421,115,142,143,143,143,143,0.996,143,1.0,0.8042,0.993,1.0,1.0,1.0,1.0
341,64,27.391,28.0,4.839,0,0,0,1,4,64,0.472,64,1.0,0.0,0.0,0.0,0.0156,0.0625,1.0
342,65,25.308,26.0,4.517,0,0,0,0,10,65,0.514,65,1.0,0.0,0.0,0.0,0.0,0.1538,1.0
343,50,33.0,34.0,5.115,0,0,0,0,0,50,0.36,50,1.0,0.0,0.0,0.0,0.0,0.0,1.0
344,83,16.434,17.0,3.565,0,0,0,5,73,83,0.691,83,1.0,0.0,0.0,0.0,0.0602,0.8795,1.0
345,104,9.115,9.0,2.756,0,2,13,67,104,104,0.838,104,1.0,0.0,0.0192,0.125,0.6442,1.0,1.0
346,132,2.068,2.0,0.893,37,96,132,132,132,132,0.979,132,1.0,0.2803,0.7273,1.0,1.0,1.0,1.0
347,127,2.48,2.0,1.154,29,67,126,127,127,127,0.97,127,1.0,0.2283,0.5276,0.9921,1.0,1.0,1.0
348,49,33.306,33.0,5.753,0,0,0,0,1,49,0.354,49,1.0,0.0,0.0,0.0,0.0,0.0204,1.0
349,106,7.123,7.0,2.536,0,0,31,96,106,106,0.878,106,1.0,0.0,0.0,0.2925,0.9057,1.0,1.0
35,106,7.264,7.5,2.99,1,6,33,89,106,106,0.875,106,1.0,0.0094,0.0566,0.3113,0.8396,1.0,1.0
350,129,2.326,2.0,1.047,32,76,129,129,129,129,0.973,129,1.0,0.2481,0.5891,1.0,1.0,1.0,1.0
351,151,1.0,1.0,0.0,151,151,151,151,151,151,1.0,151,1.0,1.0,1.0,1.0,1.0,1.0,1.0
352,105,7.867,8.0,3.013,0,3,26,86,105,105,0.863,105,1.0,0.0,0.0286,0.2476,0.819,1.0,1.0
353,147,1.027,1.0,0.163,143,147,147,147,147,147,0.999,147,1.0,0.9728,1.0,1.0,1.0,1.0,1.0
354,133,1.617,1.0,0.704,67,118,133,133,133,133,0.988,133,1.0,0.5038,0.8872,1.0,1.0,1.0,1.0
355,123,3.366,3.0,1.41,12,37,115,123,123,123,0.953,123,1.0,0.0976,0.3008,0.935,1.0,1.0,1.0
356,77,19.74,20.0,3.861,0,0,0,1,42,77,0.625,77,1.0,0.0,0.0,0.0,0.013,0.5455,1.0
357,136,1.544,1.0,0.665,72,128,136,136,136,136,0.989,136,1.0,0.5294,0.9412,1.0,1.0,1.0,1.0
358,148,1.02,1.0,0.141,145,148,148,148,148,148,1.0,148,1.0,0.9797,1.0,1.0,1.0,1.0,1.0
359,86,14.663,15.0,3.712,0,0,1,11,81,86,0.727,86,1.0,0.0,0.0,0.0116,0.1279,0.9419,1.0
36,146,1.027,1.0,0.164,142,146,146,146,146,146,0.999,146,1.0,0.9726,1.0,1.0,1.0,1.0,1.0
360,137,1.482,1.0,0.57,76,132,137,137,137,137,0.99,137,1.0,0.5547,0.9635,1.0,1.0,1.0,1.0
361,49,34.918,35.0,4.86,0,0,0,0,0,49,0.322,49,1.0,0.0,0.0,0.0,0.0,0.0,1.0
362,61,28.885,29.0,4.974,0,0,0,0,4,61,0.442,61,1.0,0.0,0.0,0.0,0.0,0.0656,1.0
363,107,6.869,7.0,2.761,0,4,38,95,107,107,0.883,107,1.0,0.0,0.0374,0.3551,0.8879,1.0,1.0
364,50,33.4,34.0,5.562,0,0,0,0,2,50,0.352,50,1.0,0.0,0.0,0.0,0.0,0.04,1.0
365,136,1.787,2.0,0.704,48,120,136,136,136,136,0.984,136,1.0,0.3529,0.8824,1.0,1.0,1.0,1.0
366,125,2.728,3.0,1.214,20,60,123,125,125,125,0.965,125,1.0,0.16,0.48,0.984,1.0,1.0,1.0
367,114,5.132,5.0,2.046,5,12,63,114,114,114,0.917,114,1.0,0.0439,0.1053,0.5526,1.0,1.0,1.0
368,53,31.792,33.0,5.282,0,0,0,0,1,53,0.384,53,1.0,0.0,0.0,0.0,0.0,0.0189,1.0
369,90,13.289,13.0,3.715,0,0,1,20,88,90,0.754,90,1.0,0.0,0.0,0.0111,0.2222,0.9778,1.0
37,121,3.413,3.0,1.657,14,41,106,121,121,121,0.952,121,1.0,0.1157,0.3388,0.876,1.0,1.0,1.0
370,102,8.882,9.0,3.219,0,1,20,68,102,102,0.842,102,1.0,0.0,0.0098,0.1961,0.6667,1.0,1.0
371,99,9.818,10.0,3.351,2,2,11,50,99,99,0.824,99,1.0,0.0202,0.0202,0.1111,0.5051,1.0,1.0
372,80,15.525,16.0,3.424,0,0,1,4,76,80,0.71,80,1.0,0.0,0.0,0.0125,0.05,0.95,1.0
373,47,34.723,35.0,4.937,0,0,0,0,1,47,0.326,47,1.0,0.0,0.0,0.0,0.0,0.0213,1.0
374,97,10.165,11.0,3.191,0,1,7,47,97,97,0.817,97,1.0,0.0,0.0103,0.0722,0.4845,1.0,1.0
375,153,1.0,1.0,0.0,153,153,153,153,153,153,1.0,153,1.0,1.0,1.0,1.0,1.0,1.0,1.0
376,135,1.659,2.0,0.714,63,120,135,135,135,135,0.987,135,1.0,0.4667,0.8889,1.0,1.0,1.0,1.0
377,144,1.16,1.0,0.368,121,144,144,144,144,144,0.997,144,1.0,0.8403,1.0,1.0,1.0,1.0,1.0
378,86,14.547,14.5,3.883,0,0,1,9,83,86,0.729,86,1.0,0.0,0.0,0.0116,0.1047,0.9651,1.0
379,58,30.397,31.0,4.615,0,0,0,0,3,58,0.412,58,1.0,0.0,0.0,0.0,0.0,0.0517,1.0
38,131,2.038,2.0,0.948,42,97,131,131,131,131,0.979,131,1.0,0.3206,0.7405,1.0,1.0,1.0,1.0
380,82,17.439,18.0,3.542,0,0,0,4,70,82,0.671,82,1.0,0.0,0.0,0.0,0.0488,0.8537,1.0
381,97,10.794,11.0,3.007,0,0,3,46,97,97,0.804,97,1.0,0.0,0.0,0.0309,0.4742,1.0,1.0
382,62,27.0,27.0,4.137,0,0,0,0,6,62,0.48,62,1.0,0.0,0.0,0.0,0.0,0.0968,1.0
383,71,23.197,23.0,3.927,0,0,0,0,14,71,0.556,71,1.0,0.0,0.0,0.0,0.0,0.1972,1.0
384,153,1.0,1.0,0.0,153,153,153,153,153,153,1.0,153,1.0,1.0,1.0,1.0,1.0,1.0,1.0
385,119,3.95,4.0,1.741,12,24,99,119,119,119,0.941,119,1.0,0.1008,0.2017,0.8319,1.0,1.0,1.0
386,137,1.401,1.0,0.587,89,130,137,137,137,137,0.992,137,1.0,0.6496,0.9489,1.0,1.0,1.0,1.0
387,88,13.5,14.0,3.585,0,0,3,15,87,88,0.75,88,1.0,0.0,0.0,0.0341,0.1705,0.9886,1.0
388,105,7.067,7.0,2.595,0,3,32,96,105,105,0.879,105,1.0,0.0,0.0286,0.3048,0.9143,1.0,1.0
389,147,1.054,1.0,0.228,139,147,147,147,147,147,0.999,147,1.0,0.9456,1.0,1.0,1.0,1.0,1.0
39,102,7.735,7.5,2.725,0,3,22,83,102,102,0.865,102,1.0,0.0,0.0294,0.2157,0.8137,1.0,1.0
390,123,2.951,3.0,1.273,18,46,120,123,123,123,0.961,123,1.0,0.1463,0.374,0.9756,1.0,1.0,1.0
391,143,1.112,1.0,0.316,127,143,143,143,143,143,0.998,143,1.0,0.8881,1.0,1.0,1.0,1.0,1.0
392,56,30.625,30.0,5.392,0,0,0,0,2,56,0.408,56,1.0,0.0,0.0,0.0,0.0,0.0357,1.0
393,125,2.832,3.0,1.39,24,55,120,125,125,125,0.963,125,1.0,0.192,0.44,0.96,1.0,1.0,1.0
394,135,1.637,2.0,0.653,62,122,135,135,135,135,0.987,135,1.0,0.4593,0.9037,1.0,1.0,1.0,1.0
395,107,7.71,8.0,2.514,1,2,17,92,107,107,0.866,107,1.0,0.0093,0.0187,0.1589,0.8598,1.0,1.0
396,102,8.098,8.0,2.957,1,4,19,80,102,102,0.858,102,1.0,0.0098,0.0392,0.1863,0.7843,1.0,1.0
397,58,28.862,29.5,5.166,0,0,0,1,4,58,0.443,58,1.0,0.0,0.0,0.0,0.0172,0.069,1.0
398,97,10.402,11.0,2.967,0,0,5,48,97,97,0.812,97,1.0,0.0,0.0,0.0515,0.4948,1.0,1.0
399,81,17.173,18.0,4.404,0,1,1,6,63,81,0.677,81,1.0,0.0,0.0123,0.0123,0.0741,0.7778,1.0
4,122,3.246,3.0,1.496,13,42,110,122,122,122,0.955,122,1.0,0.1066,0.3443,0.9016,1.0,1.0,1.0
40,114,5.833,6.0,2.323,4,10,48,113,114,114,0.903,114,1.0,0.0351,0.0877,0.4211,0.9912,1.0,1.0
400,99,9.99,10.0,2.705,0,0,9,50,99,99,0.82,99,1.0,0.0,0.0,0.0909,0.5051,1.0,1.0
401,56,30.446,31.0,5.045,0,0,0,0,3,56,0.411,56,1.0,0.0,0.0,0.0,0.0,0.0536,1.0
402,136,1.61,2.0,0.669,67,122,136,136,136,136,0.988,136,1.0,0.4926,0.8971,1.0,1.0,1.0,1.0
403,92,12.033,12.0,3.402,0,1,4,31,91,92,0.779,92,1.0,0.0,0.0109,0.0435,0.337,0.9891,1.0
404,113,5.611,6.0,2.037,1,8,55,113,113,113,0.908,113,1.0,0.0088,0.0708,0.4867,1.0,1.0,1.0
405,70,22.443,23.0,4.445,0,0,0,1,22,70,0.571,70,1.0,0.0,0.0,0.0,0.0143,0.3143,1.0
406,118,4.051,4.0,1.801,8,26,91,118,118,118,0.939,118,1.0,0.0678,0.2203,0.7712,1.0,1.0,1.0
407,51,33.745,35.0,5.249,0,0,0,0,0,51,0.345,51,1.0,0.0,0.0,0.0,0.0,0.0,1.0
408,53,35.038,36.0,5.211,0,0,0,0,0,53,0.319,53,1.0,0.0,0.0,0.0,0.0,0.0,1.0
409,54,31.852,32.0,4.676,0,0,0,0,0,54,0.383,54,1.0,0.0,0.0,0.0,0.0,0.0,1.0
41,140,1.314,1.0,0.524,100,136,140,140,140,140,0.994,140,1.0,0.7143,0.9714,1.0,1.0,1.0,1.0
410,147,1.007,1.0,0.082,146,147,147,147,147,147,1.0,147,1.0,0.9932,1.0,1.0,1.0,1.0,1.0
411,89,14.135,15.0,4.488,0,1,3,17,85,89,0.737,89,1.0,0.0,0.0112,0.0337,0.191,0.9551,1.0
412,88,14.284,14.0,3.723,0,0,0,17,85,88,0.734,88,1.0,0.0,0.0,0.0,0.1932,0.9659,1.0
413,60,27.717,27.5,4.105,0,0,0,0,3,60,0.466,60,1.0,0.0,0.0,0.0,0.0,0.05,1.0
414,59,28.644,29.0,4.318,0,0,0,0,3,59,0.447,59,1.0,0.0,0.0,0.0,0.0,0.0508,1.0
415,144,1.118,1.0,0.324,127,144,144,144,144,144,0.998,144,1.0,0.8819,1.0,1.0,1.0,1.0,1.0
416,87,15.989,16.0,4.056,0,0,0,12,73,87,0.7,87,1.0,0.0,0.0,0.0,0.1379,0.8391,1.0
417,56,29.911,30.0,5.111,0,0,0,0,0,56,0.422,56,1.0,0.0,0.0,0.0,0.0,0.0,1.0
418,95,11.663,12.0,3.601,0,1,5,34,95,95,0.787,95,1.0,0.0,0.0105,0.0526,0.3579,1.0,1.0
419,74,21.473,22.0,4.454,0,0,0,2,24,74,0.591,74,1.0,0.0,0.0,0.0,0.027,0.3243,1.0
42,78,19.269,19.0,4.371,0,0,0,1,45,78,0.635,78,1.0,0.0,0.0,0.0,0.0128,0.5769,1.0
420,80,18.325,18.5,3.932,0,0,0,3,57,80,0.654,80,1.0,0.0,0.0,0.0,0.0375,0.7125,1.0
421,78,20.397,21.0,4.675,0,0,2,3,38,78,0.612,78,1.0,0.0,0.0,0.0256,0.0385,0.4872,1.0
422,104,7.442,8.0,2.932,1,3,31,89,104,104,0.871,104,1.0,0.0096,0.0288,0.2981,0.8558,1.0,1.0
423,55,33.145,34.0,4.708,0,0,0,0,1,55,0.357,55,1.0,0.0,0.0,0.0,0.0,0.0182,1.0
424,98,9.745,10.0,3.02,0,2,7,56,98,98,0.825,98,1.0,0.0,0.0204,0.0714,0.5714,1.0,1.0
425,103,8.252,8.0,2.611,0,2,17,80,103,103,0.855,103,1.0,0.0,0.0194,0.165,0.7767,1.0,1.0
426,63,25.079,25.0,4.903,0,0,0,0,10,63,0.518,63,1.0,0.0,0.0,0.0,0.0,0.1587,1.0
427,130,1.962,2.0,0.976,50,96,130,130,130,130,0.981,130,1.0,0.3846,0.7385,1.0,1.0,1.0,1.0
428,89,12.427,13.0,3.397,0,0,2,22,89,89,0.771,89,1.0,0.0,0.0,0.0225,0.2472,1.0,1.0
429,110,6.8,7.0,2.671,2,3,40,101,110,110,0.884,110,1.0,0.0182,0.0273,0.3636,0.9182,1.0,1.0
43,88,13.352,14.0,3.507,0,0,1,16,86,88,0.753,88,1.0,0.0,0.0,0.0114,0.1818,0.9773,1.0
430,92,11.511,11.0,3.663,0,1,6,35,92,92,0.79,92,1.0,0.0,0.0109,0.0652,0.3804,1.0,1.0
431,124,3.056,3.0,1.296,12,47,120,124,124,124,0.959,124,1.0,0.0968,0.379,0.9677,1.0,1.0,1.0
432,126,2.833,3.0,1.27,19,56,124,126,126,126,0.963,126,1.0,0.1508,0.4444,0.9841,1.0,1.0,1.0
433,145,1.172,1.0,0.379,120,145,145,145,145,145,0.997,145,1.0,0.8276,1.0,1.0,1.0,1.0,1.0
434,77,20.494,21.0,4.297,0,0,0,1,37,77,0.61,77,1.0,0.0,0.0,0.0,0.013,0.4805,1.0
435,90,12.611,12.0,3.812,0,0,5,24,90,90,0.768,90,1.0,0.0,0.0,0.0556,0.2667,1.0,1.0
436,107,6.813,6.0,2.73,1,5,34,96,107,107,0.884,107,1.0,0.0093,0.0467,0.3178,0.8972,1.0,1.0
437,72,22.597,23.0,4.271,0,0,0,1,18,72,0.568,72,1.0,0.0,0.0,0.0,0.0139,0.25,1.0
438,93,10.355,11.0,3.368,0,0,9,44,93,93,0.813,93,1.0,0.0,0.0,0.0968,0.4731,1.0,1.0
439,144,1.056,1.0,0.23,136,144,144,144,144,144,0.999,144,1.0,0.9444,1.0,1.0,1.0,1.0,1.0
44,122,2.91,3.0,1.33,17,51,118,122,122,122,0.962,122,1.0,0.1393,0.418,0.9672,1.0,1.0,1.0
440,125,2.912,3.0,1.27,18,50,122,125,125,125,0.962,125,1.0,0.144,0.4,0.976,1.0,1.0,1.0
441,126,2.484,2.0,1.041,23,67,126,126,126,126,0.97,126,1.0,0.1825,0.5317,1.0,1.0,1.0,1.0
442,63,28.238,29.0,5.098,0,0,0,0,5,63,0.455,63,1.0,0.0,0.0,0.0,0.0,0.0794,1.0
443,140,1.357,1.0,0.496,91,139,140,140,140,140,0.993,140,1.0,0.65,0.9929,1.0,1.0,1.0,1.0
444,134,1.754,2.0,0.827,62,109,134,134,134,134,0.985,134,1.0,0.4627,0.8134,1.0,1.0,1.0,1.0
445,126,2.69,2.5,1.268,21,63,121,126,126,126,0.966,126,1.0,0.1667,0.5,0.9603,1.0,1.0,1.0
446,70,22.2,22.5,4.471,0,0,0,0,27,70,0.576,70,1.0,0.0,0.0,0.0,0.0,0.3857,1.0
447,74,20.473,21.0,4.383,0,0,0,0,33,74,0.611,74,1.0,0.0,0.0,0.0,0.0,0.4459,1.0
448,104,7.24,7.0,2.612,1,2,30,95,104,104,0.875,104,1.0,0.0096,0.0192,0.2885,0.9135,1.0,1.0
449,116,4.457,4.0,1.926,6,23,78,116,116,116,0.931,116,1.0,0.0517,0.1983,0.6724,1.0,1.0,1.0
45,140,1.271,1.0,0.462,103,139,140,140,140,140,0.995,140,1.0,0.7357,0.9929,1.0,1.0,1.0,1.0
450,78,18.538,19.0,4.018,0,0,0,4,48,78,0.649,78,1.0,0.0,0.0,0.0,0.0513,0.6154,1.0
451,76,19.934,20.0,4.272,0,0,0,1,39,76,0.621,76,1.0,0.0,0.0,0.0,0.0132,0.5132,1.0
452,95,12.221,13.0,3.871,0,1,6,27,94,95,0.776,95,1.0,0.0,0.0105,0.0632,0.2842,0.9895,1.0
453,140,1.293,1.0,0.487,101,138,140,140,140,140,0.994,140,1.0,0.7214,0.9857,1.0,1.0,1.0,1.0
454,138,1.355,1.0,0.538,93,134,138,138,138,138,0.993,138,1.0,0.6739,0.971,1.0,1.0,1.0,1.0
455,112,5.304,5.0,2.257,3,10,61,111,112,112,0.914,112,1.0,0.0268,0.0893,0.5446,0.9911,1.0,1.0
456,107,7.636,8.0,2.397,0,1,18,99,107,107,0.867,107,1.0,0.0,0.0093,0.1682,0.9252,1.0,1.0
457,115,4.643,5.0,1.851,3,16,83,115,115,115,0.927,115,1.0,0.0261,0.1391,0.7217,1.0,1.0,1.0
458,127,2.283,2.0,1.007,33,74,127,127,127,127,0.974,127,1.0,0.2598,0.5827,1.0,1.0,1.0,1.0
459,105,7.867,8.0,2.777,0,1,24,89,105,105,0.863,105,1.0,0.0,0.0095,0.2286,0.8476,1.0,1.0
46,53,29.811,30.0,5.403,0,0,0,0,3,53,0.424,53,1.0,0.0,0.0,0.0,0.0,0.0566,1.0
460,49,36.286,36.0,5.156,0,0,0,0,0,49,0.294,49,1.0,0.0,0.0,0.0,0.0,0.0,1.0
461,110,5.718,5.0,2.327,3,8,56,108,110,110,0.906,110,1.0,0.0273,0.0727,0.5091,0.9818,1.0,1.0
462,139,1.345,1.0,0.521,94,136,139,139,139,139,0.993,139,1.0,0.6763,0.9784,1.0,1.0,1.0,1.0
463,105,7.381,8.0,2.712,0,5,31,93,105,105,0.872,105,1.0,0.0,0.0476,0.2952,0.8857,1.0,1.0
464,96,10.188,10.0,3.348,0,1,9,51,96,96,0.816,96,1.0,0.0,0.0104,0.0938,0.5312,1.0,1.0
465,83,17.157,17.0,4.49,0,0,1,7,62,83,0.677,83,1.0,0.0,0.0,0.012,0.0843,0.747,1.0
466,60,28.483,30.0,5.715,0,0,0,0,5,60,0.45,60,1.0,0.0,0.0,0.0,0.0,0.0833,1.0
467,126,2.69,3.0,1.299,27,58,122,126,126,126,0.966,126,1.0,0.2143,0.4603,0.9683,1.0,1.0,1.0
468,65,25.323,26.0,4.727,0,0,0,0,11,65,0.514,65,1.0,0.0,0.0,0.0,0.0,0.1692,1.0
469,143,1.119,1.0,0.325,126,143,143,143,143,143,0.998,143,1.0,0.8811,1.0,1.0,1.0,1.0,1.0
47,51,33.647,34.0,5.168,0,0,0,0,1,51,0.347,51,1.0,0.0,0.0,0.0,0.0,0.0196,1.0
470,87,13.655,14.0,3.908,0,0,2,17,84,87,0.747,87,1.0,0.0,0.0,0.023,0.1954,0.9655,1.0
471,79,17.684,18.0,3.667,0,0,0,1,59,79,0.666,79,1.0,0.0,0.0,0.0,0.0127,0.7468,1.0
472,73,20.603,21.0,4.037,0,0,0,0,34,73,0.608,73,1.0,0.0,0.0,0.0,0.0,0.4658,1.0
473,150,1.0,1.0,0.0,150,150,150,150,150,150,1.0,150,1.0,1.0,1.0,1.0,1.0,1.0,1.0
474,124,3.363,3.0,1.548,19,35,112,124,124,124,0.953,124,1.0,0.1532,0.2823,0.9032,1.0,1.0,1.0
475,56,31.071,32.0,4.528,0,0,0,0,1,56,0.399,56,1.0,0.0,0.0,0.0,0.0,0.0179,1.0
476,106,6.623,7.0,2.769,3,7,32,95,106,106,0.888,106,1.0,0.0283,0.066,0.3019,0.8962,1.0,1.0
477,109,6.523,6.0,2.41,0,4,34,102,109,109,0.89,109,1.0,0.0,0.0367,0.3119,0.9358,1.0,1.0
478,69,22.87,23.0,4.808,0,0,0,0,23,69,0.563,69,1.0,0.0,0.0,0.0,0.0,0.3333,1.0
479,150,1.0,1.0,0.0,150,150,150,150,150,150,1.0,150,1.0,1.0,1.0,1.0,1.0,1.0,1.0
48,148,1.0,1.0,0.0,148,148,148,148,148,148,1.0,148,1.0,1.0,1.0,1.0,1.0,1.0,1.0
480,108,6.731,7.0,2.549,2,4,37,99,108,108,0.885,108,1.0,0.0185,0.037,0.3426,0.9167,1.0,1.0
481,95,10.011,10.0,3.379,0,1,10,49,95,95,0.82,95,1.0,0.0,0.0105,0.1053,0.5158,1.0,1.0
482,149,1.0,1.0,0.0,149,149,149,149,149,149,1.0,149,1.0,1.0,1.0,1.0,1.0,1.0,1.0
483,120,3.792,4.0,1.748,16,27,98,120,120,120,0.944,120,1.0,0.1333,0.225,0.8167,1.0,1.0,1.0
484,94,11.766,12.0,3.572,1,1,5,33,93,94,0.785,94,1.0,0.0106,0.0106,0.0532,0.3511,0.9894,1.0
485,136,1.647,2.0,0.705,66,118,136,136,136,136,0.987,136,1.0,0.4853,0.8676,1.0,1.0,1.0,1.0
486,126,2.889,3.0,1.364,22,52,120,126,126,126,0.962,126,1.0,0.1746,0.4127,0.9524,1.0,1.0,1.0
487,113,5.389,5.0,2.305,5,13,61,112,113,113,0.912,113,1.0,0.0442,0.115,0.5398,0.9912,1.0,1.0
488,57,30.544,31.0,5.901,0,0,0,0,3,57,0.409,57,1.0,0.0,0.0,0.0,0.0,0.0526,1.0
489,46,36.5,37.0,5.632,0,0,0,0,0,46,0.29,46,1.0,0.0,0.0,0.0,0.0,0.0,1.0
49,114,5.009,5.0,1.939,3,11,74,114,114,114,0.92,114,1.0,0.0263,0.0965,0.6491,1.0,1.0,1.0
490,138,1.435,1.0,0.566,83,133,138,138,138,138,0.991,138,1.0,0.6014,0.9638,1.0,1.0,1.0,1.0
491,146,1.014,1.0,0.117,144,146,146,146,146,146,1.0,146,1.0,0.9863,1.0,1.0,1.0,1.0,1.0
492,131,2.176,2.0,1.092,42,89,131,131,131,131,0.976,131,1.0,0.3206,0.6794,1.0,1.0,1.0,1.0
493,101,10.04,10.0,3.105,0,0,9,57,101,101,0.819,101,1.0,0.0,0.0,0.0891,0.5644,1.0,1.0
494,78,19.038,19.0,4.274,0,0,0,2,52,78,0.639,78,1.0,0.0,0.0,0.0,0.0256,0.6667,1.0
495,142,1.317,1.0,0.51,100,139,142,142,142,142,0.994,142,1.0,0.7042,0.9789,1.0,1.0,1.0,1.0
496,58,29.31,30.0,5.676,0,0,0,0,7,58,0.434,58,1.0,0.0,0.0,0.0,0.0,0.1207,1.0
497,148,1.0,1.0,0.0,148,148,148,148,148,148,1.0,148,1.0,1.0,1.0,1.0,1.0,1.0,1.0
498,116,4.103,4.0,1.984,13,28,85,116,116,116,0.938,116,1.0,0.1121,0.2414,0.7328,1.0,1.0,1.0
499,104,8.288,8.5,2.814,1,3,17,86,104,104,0.854,104,1.0,0.0096,0.0288,0.1635,0.8269,1.0,1.0
5,144,1.069,1.0,0.255,134,144,144,144,144,144,0.999,144,1.0,0.9306,1.0,1.0,1.0,1.0,1.0
50,81,18.642,18.0,3.746,0,0,0,1,54,81,0.647,81,1.0,0.0,0.0,0.0,0.0123,0.6667,1.0
500,107,6.748,7.0,2.331,2,5,28,100,107,107,0.885,107,1.0,0.0187,0.0467,0.2617,0.9346,1.0,1.0
501,56,30.339,30.0,4.153,0,0,0,0,1,56,0.413,56,1.0,0.0,0.0,0.0,0.0,0.0179,1.0
502,95,11.411,11.0,3.106,0,0,2,37,95,95,0.792,95,1.0,0.0,0.0,0.0211,0.3895,1.0,1.0
503,69,23.768,23.0,4.433,0,0,0,0,17,69,0.545,69,1.0,0.0,0.0,0.0,0.0,0.2464,1.0
504,48,34.312,34.0,5.795,0,0,0,0,2,48,0.334,48,1.0,0.0,0.0,0.0,0.0,0.0417,1.0
505,124,3.073,3.0,1.289,14,41,119,124,124,124,0.959,124,1.0,0.1129,0.3306,0.9597,1.0,1.0,1.0
506,108,6.269,6.5,2.245,2,5,38,105,108,108,0.895,108,1.0,0.0185,0.0463,0.3519,0.9722,1.0,1.0
507,143,1.175,1.0,0.399,119,142,143,143,143,143,0.997,143,1.0,0.8322,0.993,1.0,1.0,1.0,1.0
508,133,1.714,2.0,0.774,61,113,133,133,133,133,0.986,133,1.0,0.4586,0.8496,1.0,1.0,1.0,1.0
509,102,9.5,9.0,2.803,0,0,8,62,102,102,0.83,102,1.0,0.0,0.0,0.0784,0.6078,1.0,1.0
51,102,9.5,10.0,3.311,0,0,12,63,102,102,0.83,102,1.0,0.0,0.0,0.1176,0.6176,1.0,1.0
510,119,3.899,4.0,1.734,9,26,96,119,119,119,0.942,119,1.0,0.0756,0.2185,0.8067,1.0,1.0,1.0
511,142,1.289,1.0,0.485,103,140,142,142,142,142,0.994,142,1.0,0.7254,0.9859,1.0,1.0,1.0,1.0
512,124,2.879,3.0,1.253,17,48,120,124,124,124,0.962,124,1.0,0.1371,0.3871,0.9677,1.0,1.0,1.0
513,56,28.982,29.0,4.704,0,0,0,0,4,56,0.44,56,1.0,0.0,0.0,0.0,0.0,0.0714,1.0
514,111,6.0,6.0,2.17,2,6,44,109,111,111,0.9,111,1.0,0.018,0.0541,0.3964,0.982,1.0,1.0
515,152,1.0,1.0,0.0,152,152,152,152,152,152,1.0,152,1.0,1.0,1.0,1.0,1.0,1.0,1.0
516,49,34.408,34.0,4.495,0,0,0,0,0,49,0.332,49,1.0,0.0,0.0,0.0,0.0,0.0,1.0
517,52,29.769,31.0,5.738,0,0,0,0,4,52,0.425,52,1.0,0.0,0.0,0.0,0.0,0.0769,1.0
518,74,21.338,22.0,4.399,0,0,0,1,30,74,0.593,74,1.0,0.0,0.0,0.0,0.0135,0.4054,1.0
519,50,33.92,34.0,4.014,0,0,0,0,0,50,0.342,50,1.0,0.0,0.0,0.0,0.0,0.0,1.0
52,96,10.448,10.0,3.205,0,0,6,51,96,96,0.811,96,1.0,0.0,0.0,0.0625,0.5312,1.0,1.0
520,153,1.0,1.0,0.0,153,153,153,153,153,153,1.0,153,1.0,1.0,1.0,1.0,1.0,1.0,1.0
521,93,11.796,12.0,3.444,0,0,6,30,93,93,0.784,93,1.0,0.0,0.0,0.0645,0.3226,1.0,1.0
522,146,1.068,1.0,0.253,136,146,146,146,146,146,0.999,146,1.0,0.9315,1.0,1.0,1.0,1.0,1.0
523,66,23.939,24.0,4.867,0,0,0,0,15,66,0.541,66,1.0,0.0,0.0,0.0,0.0,0.2273,1.0
524,71,23.535,24.0,4.309,0,0,0,0,18,71,0.549,71,1.0,0.0,0.0,0.0,0.0,0.2535,1.0
525,109,6.257,6.0,2.421,1,5,48,105,109,109,0.895,109,1.0,0.0092,0.0459,0.4404,0.9633,1.0,1.0
526,105,7.733,8.0,2.733,1,3,18,88,105,105,0.865,105,1.0,0.0095,0.0286,0.1714,0.8381,1.0,1.0
527,134,1.836,2.0,0.758,49,109,134,134,134,134,0.983,134,1.0,0.3657,0.8134,1.0,1.0,1.0,1.0
528,84,15.607,16.0,3.802,0,0,0,10,78,84,0.708,84,1.0,0.0,0.0,0.0,0.119,0.9286,1.0
529,84,16.988,17.0,4.337,0,0,0,6,67,84,0.68,84,1.0,0.0,0.0,0.0,0.0714,0.7976,1.0
53,120,3.758,4.0,1.561,9,29,103,120,120,120,0.945,120,1.0,0.075,0.2417,0.8583,1.0,1.0,1.0
530,83,16.084,16.0,4.013,0,0,0,9,72,83,0.698,83,1.0,0.0,0.0,0.0,0.1084,0.8675,1.0
531,66,24.985,24.5,4.897,0,0,0,1,10,66,0.52,66,1.0,0.0,0.0,0.0,0.0152,0.1515,1.0
532,151,1.0,1.0,0.0,151,151,151,151,151,151,1.0,151,1.0,1.0,1.0,1.0,1.0,1.0,1.0
533,145,1.014,1.0,0.117,143,145,145,145,145,145,1.0,145,1.0,0.9862,1.0,1.0,1.0,1.0,1.0
534,83,16.928,17.0,3.711,0,0,0,3,70,83,0.681,83,1.0,0.0,0.0,0.0,0.0361,0.8434,1.0
535,98,11.49,12.0,3.084,0,0,5,38,98,98,0.79,98,1.0,0.0,0.0,0.051,0.3878,1.0,1.0
536,84,15.738,16.0,5.009,0,0,2,15,68,84,0.705,84,1.0,0.0,0.0,0.0238,0.1786,0.8095,1.0
537,103,8.786,9.0,2.696,0,0,9,76,103,103,0.844,103,1.0,0.0,0.0,0.0874,0.7379,1.0,1.0
538,122,3.107,3.0,1.413,19,42,115,122,122,122,0.958,122,1.0,0.1557,0.3443,0.9426,1.0,1.0,1.0
539,122,3.467,3.0,1.549,13,33,108,122,122,122,0.951,122,1.0,0.1066,0.2705,0.8852,1.0,1.0,1.0
54,117,4.462,4.0,1.878,7,16,84,117,117,117,0.931,117,1.0,0.0598,0.1368,0.7179,1.0,1.0,1.0
540,145,1.083,1.0,0.276,133,145,145,145,145,145,0.998,145,1.0,0.9172,1.0,1.0,1.0,1.0,1.0
541,76,21.145,22.0,4.45,0,0,0,2,28,76,0.597,76,1.0,0.0,0.0,0.0,0.0263,0.3684,1.0
542,86,15.651,16.0,3.895,0,0,2,9,81,86,0.707,86,1.0,0.0,0.0,0.0233,0.1047,0.9419,1.0
543,48,33.792,34.0,5.01,0,0,0,0,0,48,0.344,48,1.0,0.0,0.0,0.0,0.0,0.0,1.0
544,153,1.0,1.0,0.0,153,153,153,153,153,153,1.0,153,1.0,1.0,1.0,1.0,1.0,1.0,1.0
545,64,26.172,26.5,4.471,0,0,0,0,6,64,0.497,64,1.0,0.0,0.0,0.0,0.0,0.0938,1.0
546,134,1.694,2.0,0.778,64,114,134,134,134,134,0.986,134,1.0,0.4776,0.8507,1.0,1.0,1.0,1.0
547,92,13.261,13.0,3.248,0,0,1,18,92,92,0.755,92,1.0,0.0,0.0,0.0109,0.1957,1.0,1.0
548,105,7.4,7.0,2.637,1,3,26,90,105,105,0.872,105,1.0,0.0095,0.0286,0.2476,0.8571,1.0,1.0
549,72,20.528,21.0,4.315,0,0,1,1,35,72,0.609,72,1.0,0.0,0.0,0.0139,0.0139,0.4861,1.0
55,85,15.8,16.0,4.242,0,0,0,9,73,85,0.704,85,1.0,0.0,0.0,0.0,0.1059,0.8588,1.0
550,147,1.075,1.0,0.264,136,147,147,147,147,147,0.999,147,1.0,0.9252,1.0,1.0,1.0,1.0,1.0
551,133,1.759,2.0,0.827,60,110,133,133,133,133,0.985,133,1.0,0.4511,0.8271,1.0,1.0,1.0,1.0
552,76,20.25,20.0,4.576,0,0,0,2,39,76,0.615,76,1.0,0.0,0.0,0.0,0.0263,0.5132,1.0
553,148,1.0,1.0,0.0,148,148,148,148,148,148,1.0,148,1.0,1.0,1.0,1.0,1.0,1.0,1.0
554,108,6.972,7.0,2.681,3,6,35,97,108,108,0.881,108,1.0,0.0278,0.0556,0.3241,0.8981,1.0,1.0
555,104,8.423,8.0,3.02,0,3,14,84,104,104,0.852,104,1.0,0.0,0.0288,0.1346,0.8077,1.0,1.0
556,115,4.191,4.0,1.942,10,23,82,115,115,115,0.936,115,1.0,0.087,0.2,0.713,1.0,1.0,1.0
557,68,25.221,26.0,4.61,0,0,0,0,12,68,0.516,68,1.0,0.0,0.0,0.0,0.0,0.1765,1.0
558,70,22.343,22.0,4.913,0,0,0,2,23,70,0.573,70,1.0,0.0,0.0,0.0,0.0286,0.3286,1.0
559,56,29.75,30.5,5.408,0,0,0,0,2,56,0.425,56,1.0,0.0,0.0,0.0,0.0,0.0357,1.0
56,154,1.0,1.0,0.0,154,154,154,154,154,154,1.0,154,1.0,1.0,1.0,1.0,1.0,1.0,1.0
560,91,13.22,14.0,3.577,0,1,2,17,90,91,0.756,91,1.0,0.0,0.011,0.022,0.1868,0.989,1.0
561,59,29.729,30.0,4.675,0,0,0,0,2,59,0.425,59,1.0,0.0,0.0,0.0,0.0,0.0339,1.0
562,61,29.016,29.0,4.72,0,0,0,0,3,61,0.44,61,1.0,0.0,0.0,0.0,0.0,0.0492,1.0
563,54,30.296,30.5,4.432,0,0,0,0,1,54,0.414,54,1.0,0.0,0.0,0.0,0.0,0.0185,1.0
564,110,6.091,6.0,2.309,2,6,43,107,110,110,0.898,110,1.0,0.0182,0.0545,0.3909,0.9727,1.0,1.0
565,79,18.557,19.0,4.05,0,0,0,1,54,79,0.649,79,1.0,0.0,0.0,0.0,0.0127,0.6835,1.0
566,124,2.847,3.0,1.35,22,51,119,124,124,124,0.963,124,1.0,0.1774,0.4113,0.9597,1.0,1.0,1.0
567,87,14.529,15.0,3.806,0,0,0,14,83,87,0.729,87,1.0,0.0,0.0,0.0,0.1609,0.954,1.0
568,96,10.385,10.0,3.246,0,0,4,50,96,96,0.812,96,1.0,0.0,0.0,0.0417,0.5208,1.0,1.0
569,97,11.608,11.0,3.408,1,2,4,33,97,97,0.788,97,1.0,0.0103,0.0206,0.0412,0.3402,1.0,1.0
57,96,10.25,10.0,2.916,0,0,6,51,96,96,0.815,96,1.0,0.0,0.0,0.0625,0.5312,1.0,1.0
570,75,18.653,19.0,4.326,0,0,0,3,49,75,0.647,75,1.0,0.0,0.0,0.0,0.04,0.6533,1.0
571,124,2.726,3.0,1.375,30,59,120,124,124,124,0.965,124,1.0,0.2419,0.4758,0.9677,1.0,1.0,1.0
572,101,8.238,8.0,3.004,0,3,17,78,101,101,0.855,101,1.0,0.0,0.0297,0.1683,0.7723,1.0,1.0
573,61,27.049,27.0,4.295,0,0,0,0,6,61,0.479,61,1.0,0.0,0.0,0.0,0.0,0.0984,1.0
574,110,5.718,6.0,2.028,1,6,49,110,110,110,0.906,110,1.0,0.0091,0.0545,0.4455,1.0,1.0,1.0
575,142,1.254,1.0,0.453,107,141,142,142,142,142,0.995,142,1.0,0.7535,0.993,1.0,1.0,1.0,1.0
576,73,19.89,20.0,4.502,0,0,0,1,41,73,0.622,73,1.0,0.0,0.0,0.0,0.0137,0.5616,1.0
577,124,3.242,3.0,1.467,15,43,116,124,124,124,0.955,124,1.0,0.121,0.3468,0.9355,1.0,1.0,1.0
578,136,1.522,1.0,0.644,76,125,136,136,136,136,0.99,136,1.0,0.5588,0.9191,1.0,1.0,1.0,1.0
579,91,13.121,13.0,3.259,0,0,3,17,90,91,0.758,91,1.0,0.0,0.0,0.033,0.1868,0.989,1.0
58,54,31.13,31.0,5.263,0,0,0,0,0,54,0.397,54,1.0,0.0,0.0,0.0,0.0,0.0,1.0
580,96,11.073,12.0,3.691,0,1,11,35,96,96,0.799,96,1.0,0.0,0.0104,0.1146,0.3646,1.0,1.0
581,141,1.199,1.0,0.451,116,138,141,141,141,141,0.996,141,1.0,0.8227,0.9787,1.0,1.0,1.0,1.0
582,145,1.055,1.0,0.229,137,145,145,145,145,145,0.999,145,1.0,0.9448,1.0,1.0,1.0,1.0,1.0
583,60,28.717,29.0,5.585,0,0,0,0,5,60,0.446,60,1.0,0.0,0.0,0.0,0.0,0.0833,1.0
584,89,13.944,14.0,3.746,0,0,0,19,87,89,0.741,89,1.0,0.0,0.0,0.0,0.2135,0.9775,1.0
585,143,1.287,1.0,0.454,102,143,143,143,143,143,0.994,143,1.0,0.7133,1.0,1.0,1.0,1.0,1.0
586,71,21.155,21.0,4.477,0,0,0,1,30,71,0.597,71,1.0,0.0,0.0,0.0,0.0141,0.4225,1.0
587,76,20.013,20.0,3.396,0,0,0,0,43,76,0.62,76,1.0,0.0,0.0,0.0,0.0,0.5658,1.0
588,70,23.371,23.5,4.291,0,0,0,0,14,70,0.553,70,1.0,0.0,0.0,0.0,0.0,0.2,1.0
589,79,17.848,18.0,4.588,0,0,0,6,56,79,0.663,79,1.0,0.0,0.0,0.0,0.0759,0.7089,1.0
59,97,9.959,10.0,3.301,0,0,9,60,97,97,0.821,97,1.0,0.0,0.0,0.0928,0.6186,1.0,1.0
590,65,24.508,24.0,4.225,0,0,0,0,11,65,0.53,65,1.0,0.0,0.0,0.0,0.0,0.1692,1.0
591,94,10.957,11.0,3.451,0,0,8,40,93,94,0.801,94,1.0,0.0,0.0,0.0851,0.4255,0.9894,1.0
592,67,25.299,25.0,4.376,0,0,0,0,12,67,0.514,67,1.0,0.0,0.0,0.0,0.0,0.1791,1.0
593,136,1.478,1.0,0.699,85,124,136,136,136,136,0.99,136,1.0,0.625,0.9118,1.0,1.0,1.0,1.0
594,59,27.136,27.0,5.572,0,0,0,0,6,59,0.477,59,1.0,0.0,0.0,0.0,0.0,0.1017,1.0
595,82,16.061,16.0,4.409,0,0,0,11,67,82,0.699,82,1.0,0.0,0.0,0.0,0.1341,0.8171,1.0
596,67,25.194,25.0,5.612,0,0,0,0,14,67,0.516,67,1.0,0.0,0.0,0.0,0.0,0.209,1.0
597,117,4.248,4.0,1.982,8,25,87,117,117,117,0.935,117,1.0,0.0684,0.2137,0.7436,1.0,1.0,1.0
598,50,35.66,35.5,3.634,0,0,0,0,0,50,0.307,50,1.0,0.0,0.0,0.0,0.0,0.0,1.0
599,113,5.664,6.0,2.178,2,9,52,111,113,113,0.907,113,1.0,0.0177,0.0796,0.4602,0.9823,1.0,1.0
6,111,5.838,6.0,2.189,2,8,49,111,111,111,0.903,111,1.0,0.018,0.0721,0.4414,1.0,1.0,1.0
60,57,29.807,30.0,5.228,0,0,0,0,2,57,0.424,57,1.0,0.0,0.0,0.0,0.0,0.0351,1.0
600,64,25.172,25.0,4.192,0,0,0,0,10,64,0.517,64,1.0,0.0,0.0,0.0,0.0,0.1562,1.0
601,64,27.578,28.0,4.608,0,0,0,0,4,64,0.468,64,1.0,0.0,0.0,0.0,0.0,0.0625,1.0
602,89,13.517,13.0,3.265,0,0,0,17,87,89,0.75,89,1.0,0.0,0.0,0.0,0.191,0.9775,1.0
603,144,1.118,1.0,0.324,127,144,144,144,144,144,0.998,144,1.0,0.8819,1.0,1.0,1.0,1.0,1.0
604,80,19.05,19.0,4.072,0,0,0,2,53,80,0.639,80,1.0,0.0,0.0,0.0,0.025,0.6625,1.0
605,69,24.029,24.0,3.835,0,0,0,0,14,69,0.539,69,1.0,0.0,0.0,0.0,0.0,0.2029,1.0
606,51,32.0,33.0,5.568,0,0,0,0,1,51,0.38,51,1.0,0.0,0.0,0.0,0.0,0.0196,1.0
607,49,35.898,37.0,4.801,0,0,0,0,0,49,0.302,49,1.0,0.0,0.0,0.0,0.0,0.0,1.0
608,93,11.441,12.0,3.143,0,0,1,37,93,93,0.791,93,1.0,0.0,0.0,0.0108,0.3978,1.0,1.0
609,147,1.007,1.0,0.082,146,147,147,147,147,147,1.0,147,1.0,0.9932,1.0,1.0,1.0,1.0,1.0
61,71,23.239,23.0,4.746,0,0,0,1,16,71,0.555,71,1.0,0.0,0.0,0.0,0.0141,0.2254,1.0
610,63,26.587,26.0,3.586,0,0,0,0,2,63,0.488,63,1.0,0.0,0.0,0.0,0.0,0.0317,1.0
611,146,1.055,1.0,0.228,138,146,146,146,146,146,0.999,146,1.0,0.9452,1.0,1.0,1.0,1.0,1.0
612,117,4.402,4.0,1.82,5,19,88,117,117,117,0.932,117,1.0,0.0427,0.1624,0.7521,1.0,1.0,1.0
613,138,1.536,1.0,0.652,76,126,138,138,138,138,0.989,138,1.0,0.5507,0.913,1.0,1.0,1.0,1.0
614,79,18.367,18.0,3.642,0,0,0,2,53,79,0.653,79,1.0,0.0,0.0,0.0,0.0253,0.6709,1.0
615,147,1.041,1.0,0.199,141,147,147,147,147,147,0.999,147,1.0,0.9592,1.0,1.0,1.0,1.0,1.0
616,74,20.351,20.0,3.794,0,0,0,0,38,74,0.613,74,1.0,0.0,0.0,0.0,0.0,0.5135,1.0
617,113,5.336,5.0,2.254,8,10,59,113,113,113,0.913,113,1.0,0.0708,0.0885,0.5221,1.0,1.0,1.0
618,107,7.374,7.0,2.345,2,2,22,96,107,107,0.873,107,1.0,0.0187,0.0187,0.2056,0.8972,1.0,1.0
619,143,1.098,1.0,0.298,129,143,143,143,143,143,0.998,143,1.0,0.9021,1.0,1.0,1.0,1.0,1.0
62,132,1.826,2.0,0.833,55,104,132,132,132,132,0.983,132,1.0,0.4167,0.7879,1.0,1.0,1.0,1.0
620,76,20.25,21.0,4.177,0,0,0,1,35,76,0.615,76,1.0,0.0,0.0,0.0,0.0132,0.4605,1.0
621,99,9.293,9.0,2.908,0,1,10,65,99,99,0.834,99,1.0,0.0,0.0101,0.101,0.6566,1.0,1.0
622,51,31.451,32.0,5.017,0,0,0,0,0,51,0.391,51,1.0,0.0,0.0,0.0,0.0,0.0,1.0
623,115,4.461,4.0,1.997,8,20,75,115,115,115,0.931,115,1.0,0.0696,0.1739,0.6522,1.0,1.0,1.0
624,59,31.153,32.0,5.017,0,0,0,0,1,59,0.397,59,1.0,0.0,0.0,0.0,0.0,0.0169,1.0
625,141,1.184,1.0,0.389,115,141,141,141,141,141,0.996,141,1.0,0.8156,1.0,1.0,1.0,1.0,1.0
626,116,4.81,5.0,2.047,6,15,76,116,116,116,0.924,116,1.0,0.0517,0.1293,0.6552,1.0,1.0,1.0
627,149,1.007,1.0,0.082,148,149,149,149,149,149,1.0,149,1.0,0.9933,1.0,1.0,1.0,1.0,1.0
628,102,8.147,8.0,2.95,2,2,21,79,102,102,0.857,102,1.0,0.0196,0.0196,0.2059,0.7745,1.0,1.0
629,133,1.759,2.0,0.799,59,109,133,133,133,133,0.985,133,1.0,0.4436,0.8195,1.0,1.0,1.0,1.0
63,142,1.31,1.0,0.508,101,139,142,142,142,142,0.994,142,1.0,0.7113,0.9789,1.0,1.0,1.0,1.0
630,130,2.238,2.0,1.084,38,83,129,130,130,130,0.975,130,1.0,0.2923,0.6385,0.9923,1.0,1.0,1.0
631,101,8.802,9.0,3.274,1,4,15,72,101,101,0.844,101,1.0,0.0099,0.0396,0.1485,0.7129,1.0,1.0
632,86,16.058,16.5,3.746,0,0,1,5,78,86,0.699,86,1.0,0.0,0.0,0.0116,0.0581,0.907,1.0
633,150,1.0,1.0,0.0,150,150,150,150,150,150,1.0,150,1.0,1.0,1.0,1.0,1.0,1.0,1.0
634,63,24.667,24.0,4.558,0,0,0,0,12,63,0.527,63,1.0,0.0,0.0,0.0,0.0,0.1905,1.0
635,59,30.983,30.0,4.848,0,0,0,0,2,59,0.4,59,1.0,0.0,0.0,0.0,0.0,0.0339,1.0
636,118,4.025,4.0,1.924,12,26,96,118,118,118,0.939,118,1.0,0.1017,0.2203,0.8136,1.0,1.0,1.0
637,90,14.2,14.0,2.904,0,0,0,12,90,90,0.736,90,1.0,0.0,0.0,0.0,0.1333,1.0,1.0
638,57,28.596,30.0,4.843,0,0,0,0,2,57,0.448,57,1.0,0.0,0.0,0.0,0.0,0.0351,1.0
639,105,7.438,7.0,2.664,1,4,27,92,105,105,0.871,105,1.0,0.0095,0.0381,0.2571,0.8762,1.0,1.0
64,104,7.731,8.0,2.582,0,2,17,87,104,104,0.865,104,1.0,0.0,0.0192,0.1635,0.8365,1.0,1.0
640,77,18.714,19.0,4.55,0,0,1,3,47,77,0.646,77,1.0,0.0,0.0,0.013,0.039,0.6104,1.0
641,151,1.0,1.0,0.0,151,151,151,151,151,151,1.0,151,1.0,1.0,1.0,1.0,1.0,1.0,1.0
642,70,23.4,24.0,4.719,0,0,0,0,21,70,0.552,70,1.0,0.0,0.0,0.0,0.0,0.3,1.0
643,145,1.055,1.0,0.229,137,145,145,145,145,145,0.999,145,1.0,0.9448,1.0,1.0,1.0,1.0,1.0
644,128,2.352,2.0,1.112,33,77,128,128,128,128,0.973,128,1.0,0.2578,0.6016,1.0,1.0,1.0,1.0
645,150,1.0,1.0,0.0,150,150,150,150,150,150,1.0,150,1.0,1.0,1.0,1.0,1.0,1.0,1.0
646,85,15.765,16.0,3.558,0,0,0,7,78,85,0.705,85,1.0,0.0,0.0,0.0,0.0824,0.9176,1.0
647,111,5.27,5.0,1.935,2,6,59,111,111,111,0.915,111,1.0,0.018,0.0541,0.5315,1.0,1.0,1.0
648,119,3.42,3.0,1.417,9,32,107,119,119,119,0.952,119,1.0,0.0756,0.2689,0.8992,1.0,1.0,1.0
649,85,14.541,15.0,3.975,0,0,1,15,80,85,0.729,85,1.0,0.0,0.0,0.0118,0.1765,0.9412,1.0
65,46,34.87,35.0,4.856,0,0,0,0,0,46,0.323,46,1.0,0.0,0.0,0.0,0.0,0.0,1.0
650,135,1.63,2.0,0.71,67,119,135,135,135,135,0.987,135,1.0,0.4963,0.8815,1.0,1.0,1.0,1.0
651,112,5.955,6.0,2.283,1,5,50,107,112,112,0.901,112,1.0,0.0089,0.0446,0.4464,0.9554,1.0,1.0
652,74,20.135,20.5,4.022,0,0,0,1,37,74,0.617,74,1.0,0.0,0.0,0.0,0.0135,0.5,1.0
653,128,2.141,2.0,1.033,41,85,128,128,128,128,0.977,128,1.0,0.3203,0.6641,1.0,1.0,1.0,1.0
654,144,1.069,1.0,0.255,134,144,144,144,144,144,0.999,144,1.0,0.9306,1.0,1.0,1.0,1.0,1.0
655,85,16.753,17.0,4.342,0,0,0,8,71,85,0.685,85,1.0,0.0,0.0,0.0,0.0941,0.8353,1.0
656,107,6.308,6.0,2.47,1,7,43,103,107,107,0.894,107,1.0,0.0093,0.0654,0.4019,0.9626,1.0,1.0
657,150,1.0,1.0,0.0,150,150,150,150,150,150,1.0,150,1.0,1.0,1.0,1.0,1.0,1.0,1.0
658,85,14.376,14.0,3.69,0,0,1,13,80,85,0.732,85,1.0,0.0,0.0,0.0118,0.1529,0.9412,1.0
659,127,2.504,2.0,1.208,29,71,126,127,127,127,0.97,127,1.0,0.2283,0.5591,0.9921,1.0,1.0,1.0
66,103,7.447,7.0,2.696,1,4,22,90,103,103,0.871,103,1.0,0.0097,0.0388,0.2136,0.8738,1.0,1.0
660,97,10.32,11.0,3.06,0,0,7,48,97,97,0.814,97,1.0,0.0,0.0,0.0722,0.4948,1.0,1.0
661,149,1.007,1.0,0.082,148,149,149,149,149,149,1.0,149,1.0,0.9933,1.0,1.0,1.0,1.0,1.0
662,48,35.0,36.0,4.749,0,0,0,0,0,48,0.32,48,1.0,0.0,0.0,0.0,0.0,0.0,1.0
663,70,21.671,22.0,5.078,0,0,1,1,28,70,0.587,70,1.0,0.0,0.0,0.0143,0.0143,0.4,1.0
664,141,1.284,1.0,0.468,102,140,141,141,141,141,0.994,141,1.0,0.7234,0.9929,1.0,1.0,1.0,1.0
665,72,21.431,23.0,4.543,0,0,0,2,26,72,0.591,72,1.0,0.0,0.0,0.0,0.0278,0.3611,1.0
666,48,34.208,35.0,4.672,0,0,0,0,0,48,0.336,48,1.0,0.0,0.0,0.0,0.0,0.0,1.0
667,86,14.14,14.0,3.509,0,0,0,13,83,86,0.737,86,1.0,0.0,0.0,0.0,0.1512,0.9651,1.0
668,51,33.176,33.0,4.426,0,0,0,0,1,51,0.356,51,1.0,0.0,0.0,0.0,0.0,0.0196,1.0
669,148,1.027,1.0,0.163,144,148,148,148,148,148,0.999,148,1.0,0.973,1.0,1.0,1.0,1.0,1.0
67,66,26.197,27.0,4.344,0,0,0,0,9,66,0.496,66,1.0,0.0,0.0,0.0,0.0,0.1364,1.0
670,79,17.392,18.0,4.401,0,0,0,7,61,79,0.672,79,1.0,0.0,0.0,0.0,0.0886,0.7722,1.0
671,125,3.192,3.0,1.36,14,38,119,125,125,125,0.956,125,1.0,0.112,0.304,0.952,1.0,1.0,1.0
672,123,3.073,3.0,1.404,17,46,117,123,123,123,0.959,123,1.0,0.1382,0.374,0.9512,1.0,1.0,1.0
673,137,1.409,1.0,0.589,88,130,137,137,137,137,0.992,137,1.0,0.6423,0.9489,1.0,1.0,1.0,1.0
674,142,1.127,1.0,0.354,125,141,142,142,142,142,0.997,142,1.0,0.8803,0.993,1.0,1.0,1.0,1.0
675,68,24.941,25.0,3.644,0,0,0,0,10,68,0.521,68,1.0,0.0,0.0,0.0,0.0,0.1471,1.0
676,75,19.56,19.0,4.182,0,0,0,1,44,75,0.629,75,1.0,0.0,0.0,0.0,0.0133,0.5867,1.0
677,63,27.222,27.0,3.929,0,0,0,0,1,63,0.476,63,1.0,0.0,0.0,0.0,0.0,0.0159,1.0
678,122,3.066,3.0,1.353,16,41,117,122,122,122,0.959,122,1.0,0.1311,0.3361,0.959,1.0,1.0,1.0
679,109,6.697,7.0,2.382,1,5,32,102,109,109,0.886,109,1.0,0.0092,0.0459,0.2936,0.9358,1.0,1.0
68,49,33.592,34.0,5.287,0,0,0,0,0,49,0.348,49,1.0,0.0,0.0,0.0,0.0,0.0,1.0
680,66,25.091,26.0,4.886,0,0,0,0,12,66,0.518,66,1.0,0.0,0.0,0.0,0.0,0.1818,1.0
681,64,26.375,27.0,4.267,0,0,0,0,7,64,0.492,64,1.0,0.0,0.0,0.0,0.0,0.1094,1.0
682,152,1.0,1.0,0.0,152,152,152,152,152,152,1.0,152,1.0,1.0,1.0,1.0,1.0,1.0,1.0
683,75,21.347,22.0,4.215,0,0,0,0,31,75,0.593,75,1.0,0.0,0.0,0.0,0.0,0.4133,1.0
684,129,2.24,2.0,1.014,37,76,129,129,129,129,0.975,129,1.0,0.2868,0.5891,1.0,1.0,1.0,1.0
685,68,23.956,23.5,4.173,0,0,0,0,15,68,0.541,68,1.0,0.0,0.0,0.0,0.0,0.2206,1.0
686,61,29.475,30.0,4.77,0,0,0,0,2,61,0.43,61,1.0,0.0,0.0,0.0,0.0,0.0328,1.0
687,84,16.298,16.0,3.211,0,0,0,3,74,84,0.694,84,1.0,0.0,0.0,0.0,0.0357,0.881,1.0
688,95,9.947,10.0,3.347,0,0,10,54,95,95,0.821,95,1.0,0.0,0.0,0.1053,0.5684,1.0,1.0
689,73,21.068,22.0,4.168,0,0,0,1,29,73,0.599,73,1.0,0.0,0.0,0.0,0.0137,0.3973,1.0
69,68,26.382,26.5,4.074,0,0,0,0,6,68,0.492,68,1.0,0.0,0.0,0.0,0.0,0.0882,1.0
690,149,1.0,1.0,0.0,149,149,149,149,149,149,1.0,149,1.0,1.0,1.0,1.0,1.0,1.0,1.0
691,118,4.153,4.0,1.791,9,24,91,118,118,118,0.937,118,1.0,0.0763,0.2034,0.7712,1.0,1.0,1.0
692,68,23.559,24.0,4.02,0,0,0,0,12,68,0.549,68,1.0,0.0,0.0,0.0,0.0,0.1765,1.0
693,65,26.369,27.0,5.002,0,0,0,0,7,65,0.493,65,1.0,0.0,0.0,0.0,0.0,0.1077,1.0
694,78,17.538,18.0,3.646,0,0,0,1,62,78,0.669,78,1.0,0.0,0.0,0.0,0.0128,0.7949,1.0
695,54,33.611,34.5,4.672,0,0,0,0,1,54,0.348,54,1.0,0.0,0.0,0.0,0.0,0.0185,1.0
696,107,6.57,7.0,2.458,0,4,42,101,107,107,0.889,107,1.0,0.0,0.0374,0.3925,0.9439,1.0,1.0
697,57,30.158,30.0,4.523,0,0,0,0,1,57,0.417,57,1.0,0.0,0.0,0.0,0.0,0.0175,1.0
698,130,2.162,2.0,0.955,37,85,130,130,130,130,0.977,130,1.0,0.2846,0.6538,1.0,1.0,1.0,1.0
699,73,20.959,21.0,4.367,0,0,0,1,33,73,0.601,73,1.0,0.0,0.0,0.0,0.0137,0.4521,1.0
7,99,9.273,9.0,2.999,1,1,11,60,99,99,0.835,99,1.0,0.0101,0.0101,0.1111,0.6061,1.0,1.0
70,139,1.36,1.0,0.525,92,136,139,139,139,139,0.993,139,1.0,0.6619,0.9784,1.0,1.0,1.0,1.0
700,117,4.632,5.0,1.878,2,18,84,116,117,117,0.927,117,1.0,0.0171,0.1538,0.7179,0.9915,1.0,1.0
701,82,17.61,17.0,4.148,0,0,0,3,65,82,0.668,82,1.0,0.0,0.0,0.0,0.0366,0.7927,1.0
702,64,26.0,26.0,4.553,0,0,0,0,9,64,0.5,64,1.0,0.0,0.0,0.0,0.0,0.1406,1.0
703,104,8.606,9.0,2.653,0,0,12,77,104,104,0.848,104,1.0,0.0,0.0,0.1154,0.7404,1.0,1.0
704,49,32.755,34.0,4.648,0,0,0,0,1,49,0.365,49,1.0,0.0,0.0,0.0,0.0,0.0204,1.0
705,131,2.221,2.0,0.955,35,79,131,131,131,131,0.976,131,1.0,0.2672,0.6031,1.0,1.0,1.0,1.0
706,129,2.45,2.0,1.152,33,69,129,129,129,129,0.971,129,1.0,0.2558,0.5349,1.0,1.0,1.0,1.0
707,120,3.142,3.0,1.434,17,40,111,120,120,120,0.957,120,1.0,0.1417,0.3333,0.925,1.0,1.0,1.0
708,62,26.032,26.0,4.942,0,0,0,0,11,62,0.499,62,1.0,0.0,0.0,0.0,0.0,0.1774,1.0
709,139,1.302,1.0,0.547,103,133,139,139,139,139,0.994,139,1.0,0.741,0.9568,1.0,1.0,1.0,1.0
71,96,9.833,10.0,3.178,0,1,6,55,96,96,0.823,96,1.0,0.0,0.0104,0.0625,0.5729,1.0,1.0
710,132,2.152,2.0,1.007,41,85,132,132,132,132,0.977,132,1.0,0.3106,0.6439,1.0,1.0,1.0,1.0
711,99,9.283,9.0,3.007,0,1,12,60,99,99,0.834,99,1.0,0.0,0.0101,0.1212,0.6061,1.0,1.0
712,52,32.519,32.5,5.617,0,0,0,0,1,52,0.37,52,1.0,0.0,0.0,0.0,0.0,0.0192,1.0
713,51,34.765,36.0,5.07,0,0,0,0,0,51,0.325,51,1.0,0.0,0.0,0.0,0.0,0.0,1.0
714,81,18.321,18.0,4.494,0,0,0,3,51,81,0.654,81,1.0,0.0,0.0,0.0,0.037,0.6296,1.0
715,75,21.28,22.0,4.608,0,0,0,2,30,75,0.594,75,1.0,0.0,0.0,0.0,0.0267,0.4,1.0
716,63,25.254,26.0,4.859,0,0,0,1,7,63,0.515,63,1.0,0.0,0.0,0.0,0.0159,0.1111,1.0
717,83,17.627,18.0,3.456,0,0,0,4,65,83,0.667,83,1.0,0.0,0.0,0.0,0.0482,0.7831,1.0
718,131,2.13,2.0,1.026,42,90,131,131,131,131,0.977,131,1.0,0.3206,0.687,1.0,1.0,1.0,1.0
719,120,3.583,4.0,1.47,5,32,109,120,120,120,0.948,120,1.0,0.0417,0.2667,0.9083,1.0,1.0,1.0
72,138,1.442,1.0,0.604,85,130,138,138,138,138,0.991,138,1.0,0.6159,0.942,1.0,1.0,1.0,1.0
720,115,4.722,5.0,2.142,5,17,74,114,115,115,0.926,115,1.0,0.0435,0.1478,0.6435,0.9913,1.0,1.0
721,58,30.31,31.0,4.806,0,0,0,0,2,58,0.414,58,1.0,0.0,0.0,0.0,0.0,0.0345,1.0
722,103,7.893,8.0,2.697,0,1,20,82,103,103,0.862,103,1.0,0.0,0.0097,0.1942,0.7961,1.0,1.0
723,52,33.981,34.0,4.828,0,0,0,0,0,52,0.34,52,1.0,0.0,0.0,0.0,0.0,0.0,1.0
724,83,17.253,18.0,3.675,0,0,0,3,67,83,0.675,83,1.0,0.0,0.0,0.0,0.0361,0.8072,1.0
725,66,23.727,23.5,3.944,0,0,0,0,11,66,0.545,66,1.0,0.0,0.0,0.0,0.0,0.1667,1.0
726,123,3.699,4.0,1.669,12,30,103,123,123,123,0.946,123,1.0,0.0976,0.2439,0.8374,1.0,1.0,1.0
727,82,18.78,19.0,3.807,0,0,0,0,55,82,0.644,82,1.0,0.0,0.0,0.0,0.0,0.6707,1.0
728,87,15.563,16.0,3.176,0,0,0,6,83,87,0.709,87,1.0,0.0,0.0,0.0,0.069,0.954,1.0
729,67,24.672,25.0,3.867,0,0,0,0,7,67,0.527,67,1.0,0.0,0.0,0.0,0.0,0.1045,1.0
73,138,1.449,1.0,0.58,82,132,138,138,138,138,0.991,138,1.0,0.5942,0.9565,1.0,1.0,1.0,1.0
730,47,34.021,35.0,4.552,0,0,0,0,0,47,0.34,47,1.0,0.0,0.0,0.0,0.0,0.0,1.0
731,111,5.892,6.0,2.309,3,7,52,107,111,111,0.902,111,1.0,0.027,0.0631,0.4685,0.964,1.0,1.0
732,150,1.0,1.0,0.0,150,150,150,150,150,150,1.0,150,1.0,1.0,1.0,1.0,1.0,1.0,1.0
733,69,22.536,22.0,4.816,0,0,0,0,25,69,0.569,69,1.0,0.0,0.0,0.0,0.0,0.3623,1.0
734,46,36.239,36.0,5.178,0,0,0,0,0,46,0.295,46,1.0,0.0,0.0,0.0,0.0,0.0,1.0
735,48,34.292,34.0,4.981,0,0,0,0,0,48,0.334,48,1.0,0.0,0.0,0.0,0.0,0.0,1.0
736,154,1.0,1.0,0.0,154,154,154,154,154,154,1.0,154,1.0,1.0,1.0,1.0,1.0,1.0,1.0
737,106,8.151,8.5,3.144,0,3,23,82,106,106,0.857,106,1.0,0.0,0.0283,0.217,0.7736,1.0,1.0
738,120,3.725,4.0,1.598,10,27,99,120,120,120,0.945,120,1.0,0.0833,0.225,0.825,1.0,1.0,1.0
739,139,1.468,1.0,0.593,80,134,139,139,139,139,0.991,139,1.0,0.5755,0.964,1.0,1.0,1.0,1.0
74,65,26.323,27.0,4.637,0,0,0,0,7,65,0.494,65,1.0,0.0,0.0,0.0,0.0,0.1077,1.0
740,77,19.078,20.0,4.667,0,0,0,6,44,77,0.638,77,1.0,0.0,0.0,0.0,0.0779,0.5714,1.0
741,59,28.525,30.0,4.801,0,0,0,0,4,59,0.449,59,1.0,0.0,0.0,0.0,0.0,0.0678,1.0
742,50,33.12,33.5,4.902,0,0,0,0,0,50,0.358,50,1.0,0.0,0.0,0.0,0.0,0.0,1.0
743,46,34.935,34.0,4.626,0,0,0,0,0,46,0.321,46,1.0,0.0,0.0,0.0,0.0,0.0,1.0
744,87,14.391,14.0,3.578,0,0,0,12,81,87,0.732,87,1.0,0.0,0.0,0.0,0.1379,0.931,1.0
745,137,1.438,1.0,0.567,82,132,137,137,137,137,0.991,137,1.0,0.5985,0.9635,1.0,1.0,1.0,1.0
746,96,11.406,12.0,3.782,0,1,5,38,96,96,0.792,96,1.0,0.0,0.0104,0.0521,0.3958,1.0,1.0
747,118,3.585,3.0,1.629,13,33,101,118,118,118,0.948,118,1.0,0.1102,0.2797,0.8559,1.0,1.0,1.0
748,51,32.118,32.0,5.172,0,0,0,0,2,51,0.378,51,1.0,0.0,0.0,0.0,0.0,0.0392,1.0
749,138,1.406,1.0,0.575,88,132,138,138,138,138,0.992,138,1.0,0.6377,0.9565,1.0,1.0,1.0,1.0
75,146,1.014,1.0,0.117,144,146,146,146,146,146,1.0,146,1.0,0.9863,1.0,1.0,1.0,1.0,1.0
750,134,1.597,1.0,0.737,72,118,134,134,134,134,0.988,134,1.0,0.5373,0.8806,1.0,1.0,1.0,1.0
751,77,19.403,19.0,4.225,0,0,0,1,44,77,0.632,77,1.0,0.0,0.0,0.0,0.013,0.5714,1.0
752,115,5.148,5.0,2.213,4,16,65,114,115,115,0.917,115,1.0,0.0348,0.1391,0.5652,0.9913,1.0,1.0
753,105,7.048,7.0,2.603,0,4,32,95,105,105,0.879,105,1.0,0.0,0.0381,0.3048,0.9048,1.0,1.0
754,136,1.654,2.0,0.744,67,118,136,136,136,136,0.987,136,1.0,0.4926,0.8676,1.0,1.0,1.0,1.0
755,103,8.456,8.0,2.652,0,1,14,76,103,103,0.851,103,1.0,0.0,0.0097,0.1359,0.7379,1.0,1.0
756,76,19.197,19.0,4.439,0,0,0,3,48,76,0.636,76,1.0,0.0,0.0,0.0,0.0395,0.6316,1.0
757,80,17.738,19.0,4.454,0,0,0,6,54,80,0.665,80,1.0,0.0,0.0,0.0,0.075,0.675,1.0
758,73,22.288,22.0,4.287,0,0,0,1,24,73,0.574,73,1.0,0.0,0.0,0.0,0.0137,0.3288,1.0
759,128,2.578,2.0,1.134,23,65,127,128,128,128,0.968,128,1.0,0.1797,0.5078,0.9922,1.0,1.0,1.0
76,112,5.518,6.0,2.118,3,12,55,112,112,112,0.91,112,1.0,0.0268,0.1071,0.4911,1.0,1.0,1.0
760,129,2.062,2.0,1.044,45,91,128,129,129,129,0.979,129,1.0,0.3488,0.7054,0.9922,1.0,1.0,1.0
761,121,3.322,3.0,1.292,7,33,113,121,121,121,0.954,121,1.0,0.0579,0.2727,0.9339,1.0,1.0,1.0
762,75,19.32,19.0,4.331,0,0,0,3,45,75,0.634,75,1.0,0.0,0.0,0.0,0.04,0.6,1.0
763,63,27.032,27.0,4.779,0,0,0,0,8,63,0.479,63,1.0,0.0,0.0,0.0,0.0,0.127,1.0
764,113,5.496,5.0,2.172,4,11,58,112,113,113,0.91,113,1.0,0.0354,0.0973,0.5133,0.9912,1.0,1.0
765,142,1.303,1.0,0.461,99,142,142,142,142,142,0.994,142,1.0,0.6972,1.0,1.0,1.0,1.0,1.0
766,88,13.455,14.0,3.841,0,0,2,21,85,88,0.751,88,1.0,0.0,0.0,0.0227,0.2386,0.9659,1.0
767,95,10.842,11.0,2.94,0,1,4,40,95,95,0.803,95,1.0,0.0,0.0105,0.0421,0.4211,1.0,1.0
768,127,2.339,2.0,1.1,35,70,127,127,127,127,0.973,127,1.0,0.2756,0.5512,1.0,1.0,1.0,1.0
769,135,1.637,2.0,0.698,66,118,135,135,135,135,0.987,135,1.0,0.4889,0.8741,1.0,1.0,1.0,1.0
77,136,1.485,1.0,0.584,76,130,136,136,136,136,0.99,136,1.0,0.5588,0.9559,1.0,1.0,1.0,1.0
770,94,11.468,11.0,3.591,1,1,3,39,94,94,0.791,94,1.0,0.0106,0.0106,0.0319,0.4149,1.0,1.0
771,123,3.163,3.0,1.434,14,44,117,123,123,123,0.957,123,1.0,0.1138,0.3577,0.9512,1.0,1.0,1.0
772,117,4.359,4.0,1.941,8,21,89,117,117,117,0.933,117,1.0,0.0684,0.1795,0.7607,1.0,1.0,1.0
773,110,5.591,6.0,2.272,3,7,52,108,110,110,0.908,110,1.0,0.0273,0.0636,0.4727,0.9818,1.0,1.0
774,82,17.756,17.0,4.267,0,0,2,3,57,82,0.665,82,1.0,0.0,0.0,0.0244,0.0366,0.6951,1.0
775,67,24.866,26.0,5.228,0,0,0,0,15,67,0.523,67,1.0,0.0,0.0,0.0,0.0,0.2239,1.0
776,104,6.952,7.0,2.736,1,4,32,96,104,104,0.881,104,1.0,0.0096,0.0385,0.3077,0.9231,1.0,1.0
777,69,23.145,24.0,4.583,0,0,0,0,21,69,0.557,69,1.0,0.0,0.0,0.0,0.0,0.3043,1.0
778,46,34.109,34.0,4.895,0,0,0,0,0,46,0.338,46,1.0,0.0,0.0,0.0,0.0,0.0,1.0
779,142,1.148,1.0,0.356,121,142,142,142,142,142,0.997,142,1.0,0.8521,1.0,1.0,1.0,1.0,1.0
78,115,5.365,5.0,1.939,2,9,63,115,115,115,0.913,115,1.0,0.0174,0.0783,0.5478,1.0,1.0,1.0
780,149,1.0,1.0,0.0,149,149,149,149,149,149,1.0,149,1.0,1.0,1.0,1.0,1.0,1.0,1.0
781,69,24.493,25.0,4.283,0,0,0,0,15,69,0.53,69,1.0,0.0,0.0,0.0,0.0,0.2174,1.0
782,149,1.0,1.0,0.0,149,149,149,149,149,149,1.0,149,1.0,1.0,1.0,1.0,1.0,1.0,1.0
783,131,1.969,2.0,0.919,46,99,131,131,131,131,0.981,131,1.0,0.3511,0.7557,1.0,1.0,1.0,1.0
784,72,23.292,23.5,4.98,0,0,0,0,23,72,0.554,72,1.0,0.0,0.0,0.0,0.0,0.3194,1.0
785,151,1.0,1.0,0.0,151,151,151,151,151,151,1.0,151,1.0,1.0,1.0,1.0,1.0,1.0,1.0
786,55,30.836,31.0,4.891,0,0,0,0,1,55,0.403,55,1.0,0.0,0.0,0.0,0.0,0.0182,1.0
787,61,28.525,29.0,4.749,0,0,0,0,5,61,0.45,61,1.0,0.0,0.0,0.0,0.0,0.082,1.0
788,110,6.136,7.0,2.496,3,10,42,105,110,110,0.897,110,1.0,0.0273,0.0909,0.3818,0.9545,1.0,1.0
789,103,7.748,8.0,2.718,0,2,23,86,103,103,0.865,103,1.0,0.0,0.0194,0.2233,0.835,1.0,1.0
79,80,18.475,19.0,4.252,0,0,1,3,55,80,0.65,80,1.0,0.0,0.0,0.0125,0.0375,0.6875,1.0
790,90,12.222,13.0,3.408,0,0,2,28,89,90,0.776,90,1.0,0.0,0.0,0.0222,0.3111,0.9889,1.0
791,129,2.047,2.0,1.06,54,83,129,129,129,129,0.979,129,1.0,0.4186,0.6434,1.0,1.0,1.0,1.0
792,118,3.729,4.0,1.683,7,28,103,118,118,118,0.945,118,1.0,0.0593,0.2373,0.8729,1.0,1.0,1.0
793,47,33.787,34.0,6.068,0,0,0,0,1,47,0.344,47,1.0,0.0,0.0,0.0,0.0,0.0213,1.0
794,123,2.967,3.0,1.261,12,51,121,123,123,123,0.961,123,1.0,0.0976,0.4146,0.9837,1.0,1.0,1.0
795,83,16.771,17.0,3.995,0,0,0,7,67,83,0.685,83,1.0,0.0,0.0,0.0,0.0843,0.8072,1.0
796,48,34.188,34.0,5.193,0,0,0,0,0,48,0.336,48,1.0,0.0,0.0,0.0,0.0,0.0,1.0
797,54,32.556,33.0,4.403,0,0,0,0,0,54,0.369,54,1.0,0.0,0.0,0.0,0.0,0.0,1.0
798,127,2.386,2.0,1.047,30,68,127,127,127,127,0.972,127,1.0,0.2362,0.5354,1.0,1.0,1.0,1.0
799,47,37.553,37.0,4.388,0,0,0,0,0,47,0.269,47,1.0,0.0,0.0,0.0,0.0,0.0,1.0
8,95,11.579,12.0,3.539,0,0,5,36,94,95,0.788,95,1.0,0.0,0.0,0.0526,0.3789,0.9895,1.0
80,94,10.574,11.0,3.786,0,1,8,46,94,94,0.809,94,1.0,0.0,0.0106,0.0851,0.4894,1.0,1.0
800,77,19.234,20.0,5.042,0,0,1,4,47,77,0.635,77,1.0,0.0,0.0,0.013,0.0519,0.6104,1.0
801,121,3.727,4.0,1.443,9,27,107,121,121,121,0.945,121,1.0,0.0744,0.2231,0.8843,1.0,1.0,1.0
802,49,34.286,35.0,5.439,0,0,0,0,0,49,0.334,49,1.0,0.0,0.0,0.0,0.0,0.0,1.0
803,79,19.139,20.0,4.335,0,0,1,2,49,79,0.637,79,1.0,0.0,0.0,0.0127,0.0253,0.6203,1.0
804,106,7.925,8.0,3.016,0,2,26,84,106,106,0.862,106,1.0,0.0,0.0189,0.2453,0.7925,1.0,1.0
805,112,5.268,5.0,2.348,3,12,63,110,112,112,0.915,112,1.0,0.0268,0.1071,0.5625,0.9821,1.0,1.0
806,54,32.556,33.0,4.812,0,0,0,0,0,54,0.369,54,1.0,0.0,0.0,0.0,0.0,0.0,1.0
807,91,12.703,13.0,3.822,0,0,5,26,89,91,0.766,91,1.0,0.0,0.0,0.0549,0.2857,0.978,1.0
808,75,20.147,20.0,4.453,0,0,0,2,38,75,0.617,75,1.0,0.0,0.0,0.0,0.0267,0.5067,1.0
809,121,3.256,3.0,1.394,13,35,114,121,121,121,0.955,121,1.0,0.1074,0.2893,0.9421,1.0,1.0,1.0
81,60,26.15,26.0,5.115,0,0,0,1,7,60,0.497,60,1.0,0.0,0.0,0.0,0.0167,0.1167,1.0
810,111,5.36,5.0,2.227,3,12,59,111,111,111,0.913,111,1.0,0.027,0.1081,0.5315,1.0,1.0,1.0
811,70,22.729,23.0,4.064,0,0,0,0,21,70,0.565,70,1.0,0.0,0.0,0.0,0.0,0.3,1.0
812,60,27.333,27.0,3.909,0,0,0,0,4,60,0.473,60,1.0,0.0,0.0,0.0,0.0,0.0667,1.0
813,127,2.323,2.0,1.097,30,81,125,127,127,127,0.974,127,1.0,0.2362,0.6378,0.9843,1.0,1.0,1.0
814,134,1.836,2.0,0.833,54,107,134,134,134,134,0.983,134,1.0,0.403,0.7985,1.0,1.0,1.0,1.0
815,73,21.384,21.0,4.342,0,0,0,1,27,73,0.592,73,1.0,0.0,0.0,0.0,0.0137,0.3699,1.0
816,68,24.044,24.0,4.297,0,0,0,0,15,68,0.539,68,1.0,0.0,0.0,0.0,0.0,0.2206,1.0
817,59,30.576,31.0,5.049,0,0,0,0,3,59,0.408,59,1.0,0.0,0.0,0.0,0.0,0.0508,1.0
818,102,9.657,10.0,3.229,0,0,13,59,102,102,0.827,102,1.0,0.0,0.0,0.1275,0.5784,1.0,1.0
819,87,14.414,15.0,4.252,0,0,2,19,84,87,0.732,87,1.0,0.0,0.0,0.023,0.2184,0.9655,1.0
82,112,5.812,6.0,2.099,1,6,50,109,112,112,0.904,112,1.0,0.0089,0.0536,0.4464,0.9732,1.0,1.0
820,102,9.255,9.0,2.893,1,1,12,64,102,102,0.835,102,1.0,0.0098,0.0098,0.1176,0.6275,1.0,1.0
821,86,15.86,16.0,3.826,0,0,2,6,74,86,0.703,86,1.0,0.0,0.0,0.0233,0.0698,0.8605,1.0
822,121,3.355,3.0,1.601,15,40,110,121,121,121,0.953,121,1.0,0.124,0.3306,0.9091,1.0,1.0,1.0
823,83,18.024,19.0,4.054,0,0,1,3,64,83,0.66,83,1.0,0.0,0.0,0.012,0.0361,0.7711,1.0
824,151,1.0,1.0,0.0,151,151,151,151,151,151,1.0,151,1.0,1.0,1.0,1.0,1.0,1.0,1.0
825,113,5.496,5.0,2.3,7,12,62,112,113,113,0.91,113,1.0,0.0619,0.1062,0.5487,0.9912,1.0,1.0
826,145,1.076,1.0,0.266,134,145,145,145,145,145,0.998,145,1.0,0.9241,1.0,1.0,1.0,1.0,1.0
827,119,3.975,4.0,1.725,7,26,96,119,119,119,0.941,119,1.0,0.0588,0.2185,0.8067,1.0,1.0,1.0
828,63,26.381,27.0,4.481,0,0,0,0,5,63,0.492,63,1.0,0.0,0.0,0.0,0.0,0.0794,1.0
829,98,9.561,10.0,3.14,1,2,7,55,98,98,0.829,98,1.0,0.0102,0.0204,0.0714,0.5612,1.0,1.0
83,82,17.561,18.0,3.263,0,0,0,1,67,82,0.669,82,1.0,0.0,0.0,0.0,0.0122,0.8171,1.0
830,132,1.932,2.0,0.91,50,99,132,132,132,132,0.981,132,1.0,0.3788,0.75,1.0,1.0,1.0,1.0
831,125,2.72,3.0,1.451,34,57,120,125,125,125,0.966,125,1.0,0.272,0.456,0.96,1.0,1.0,1.0
832,114,4.719,5.0,2.155,9,22,71,114,114,114,0.926,114,1.0,0.0789,0.193,0.6228,1.0,1.0,1.0
833,151,1.0,1.0,0.0,151,151,151,151,151,151,1.0,151,1.0,1.0,1.0,1.0,1.0,1.0,1.0
834,116,5.026,5.0,1.858,2,10,73,116,116,116,0.919,116,1.0,0.0172,0.0862,0.6293,1.0,1.0,1.0
835,57,30.263,31.0,4.345,0,0,0,0,0,57,0.415,57,1.0,0.0,0.0,0.0,0.0,0.0,1.0
836,128,2.719,3.0,1.177,21,55,126,128,128,128,0.966,128,1.0,0.1641,0.4297,0.9844,1.0,1.0,1.0
837,59,29.322,29.0,4.808,0,0,0,0,3,59,0.434,59,1.0,0.0,0.0,0.0,0.0,0.0508,1.0
838,154,1.0,1.0,0.0,154,154,154,154,154,154,1.0,154,1.0,1.0,1.0,1.0,1.0,1.0,1.0
839,150,1.0,1.0,0.0,150,150,150,150,150,150,1.0,150,1.0,1.0,1.0,1.0,1.0,1.0,1.0
84,112,5.946,6.0,2.347,1,7,49,108,112,112,0.901,112,1.0,0.0089,0.0625,0.4375,0.9643,1.0,1.0
840,103,8.233,8.0,2.336,1,2,12,87,103,103,0.855,103,1.0,0.0097,0.0194,0.1165,0.8447,1.0,1.0
841,140,1.207,1.0,0.424,112,139,140,140,140,140,0.996,140,1.0,0.8,0.9929,1.0,1.0,1.0,1.0
842,117,3.752,4.0,1.742,13,29,101,117,117,117,0.945,117,1.0,0.1111,0.2479,0.8632,1.0,1.0,1.0
843,76,20.237,20.5,4.049,0,0,0,0,38,76,0.615,76,1.0,0.0,0.0,0.0,0.0,0.5,1.0
844,55,29.182,30.0,6.233,0,0,0,0,5,55,0.436,55,1.0,0.0,0.0,0.0,0.0,0.0909,1.0
845,116,4.603,4.0,1.938,5,14,84,116,116,116,0.928,116,1.0,0.0431,0.1207,0.7241,1.0,1.0,1.0
846,131,2.069,2.0,0.913,41,89,131,131,131,131,0.979,131,1.0,0.313,0.6794,1.0,1.0,1.0,1.0
847,57,31.211,31.0,4.578,0,0,0,0,0,57,0.396,57,1.0,0.0,0.0,0.0,0.0,0.0,1.0
848,128,2.234,2.0,1.016,35,80,128,128,128,128,0.975,128,1.0,0.2734,0.625,1.0,1.0,1.0,1.0
849,147,1.0,1.0,0.0,147,147,147,147,147,147,1.0,147,1.0,1.0,1.0,1.0,1.0,1.0,1.0
85,62,24.806,26.0,4.338,0,0,0,0,10,62,0.524,62,1.0,0.0,0.0,0.0,0.0,0.1613,1.0
850,65,24.631,25.0,4.983,0,0,0,0,17,65,0.527,65,1.0,0.0,0.0,0.0,0.0,0.2615,1.0
851,48,36.042,36.0,6.018,0,0,0,0,1,48,0.299,48,1.0,0.0,0.0,0.0,0.0,0.0208,1.0
852,126,2.508,2.0,1.192,28,67,124,126,126,126,0.97,126,1.0,0.2222,0.5317,0.9841,1.0,1.0,1.0
853,81,17.963,18.0,4.4,0,0,0,6,61,81,0.661,81,1.0,0.0,0.0,0.0,0.0741,0.7531,1.0
854,89,14.449,15.0,4.056,0,0,1,17,84,89,0.731,89,1.0,0.0,0.0,0.0112,0.191,0.9438,1.0
855,122,3.459,3.0,1.706,18,40,108,122,122,122,0.951,122,1.0,0.1475,0.3279,0.8852,1.0,1.0,1.0
856,74,18.054,18.0,3.92,0,0,0,4,54,74,0.659,74,1.0,0.0,0.0,0.0,0.0541,0.7297,1.0
857,91,13.011,13.0,3.539,0,0,0,24,89,91,0.76,91,1.0,0.0,0.0,0.0,0.2637,0.978,1.0
858,130,2.354,2.0,0.971,24,81,130,130,130,130,0.973,130,1.0,0.1846,0.6231,1.0,1.0,1.0,1.0
859,132,1.848,2.0,0.796,50,105,132,132,132,132,0.983,132,1.0,0.3788,0.7955,1.0,1.0,1.0,1.0
86,76,18.329,18.0,5.055,0,0,0,6,48,76,0.653,76,1.0,0.0,0.0,0.0,0.0789,0.6316,1.0
860,104,7.702,7.0,2.849,1,1,23,87,104,104,0.866,104,1.0,0.0096,0.0096,0.2212,0.8365,1.0,1.0
861,79,17.759,18.0,4.142,0,0,0,5,58,79,0.665,79,1.0,0.0,0.0,0.0,0.0633,0.7342,1.0
862,146,1.014,1.0,0.117,144,146,146,146,146,146,1.0,146,1.0,0.9863,1.0,1.0,1.0,1.0,1.0
863,93,12.054,13.0,3.702,0,0,5,28,93,93,0.779,93,1.0,0.0,0.0,0.0538,0.3011,1.0,1.0
864,88,13.886,14.0,3.993,0,0,2,17,85,88,0.742,88,1.0,0.0,0.0,0.0227,0.1932,0.9659,1.0
865,88,13.977,14.0,4.169,0,0,1,17,81,88,0.74,88,1.0,0.0,0.0,0.0114,0.1932,0.9205,1.0
866,85,15.176,16.0,3.685,0,0,0,11,79,85,0.716,85,1.0,0.0,0.0,0.0,0.1294,0.9294,1.0
867,131,2.031,2.0,0.936,45,91,131,131,131,131,0.979,131,1.0,0.3435,0.6947,1.0,1.0,1.0,1.0
868,88,14.307,14.0,4.01,0,0,2,13,84,88,0.734,88,1.0,0.0,0.0,0.0227,0.1477,0.9545,1.0
869,98,10.378,10.0,3.003,0,0,5,53,98,98,0.812,98,1.0,0.0,0.0,0.051,0.5408,1.0,1.0
87,148,1.007,1.0,0.082,147,148,148,148,148,148,1.0,148,1.0,0.9932,1.0,1.0,1.0,1.0,1.0
870,62,27.823,28.0,4.378,0,0,0,0,2,62,0.464,62,1.0,0.0,0.0,0.0,0.0,0.0323,1.0
871,107,7.355,7.0,2.879,1,4,30,89,107,107,0.873,107,1.0,0.0093,0.0374,0.2804,0.8318,1.0,1.0
872,119,3.731,4.0,1.588,7,32,100,119,119,119,0.945,119,1.0,0.0588,0.2689,0.8403,1.0,1.0,1.0
873,98,10.408,11.0,2.871,0,0,5,47,98,98,0.812,98,1.0,0.0,0.0,0.051,0.4796,1.0,1.0
874,99,9.152,9.0,3.183,0,1,15,66,99,99,0.837,99,1.0,0.0,0.0101,0.1515,0.6667,1.0,1.0
875,81,17.531,17.0,3.899,0,0,0,5,63,81,0.669,81,1.0,0.0,0.0,0.0,0.0617,0.7778,1.0
876,143,1.189,1.0,0.393,116,143,143,143,143,143,0.996,143,1.0,0.8112,1.0,1.0,1.0,1.0,1.0
877,101,9.485,10.0,3.055,0,0,11,59,101,101,0.83,101,1.0,0.0,0.0,0.1089,0.5842,1.0,1.0
878,96,11.271,11.0,3.398,0,0,4,43,96,96,0.795,96,1.0,0.0,0.0,0.0417,0.4479,1.0,1.0
879,58,28.086,28.0,5.771,0,0,0,0,4,58,0.458,58,1.0,0.0,0.0,0.0,0.0,0.069,1.0
88,152,1.0,1.0,0.0,152,152,152,152,152,152,1.0,152,1.0,1.0,1.0,1.0,1.0,1.0,1.0
880,101,9.624,10.0,2.86,0,0,10,62,101,101,0.828,101,1.0,0.0,0.0,0.099,0.6139,1.0,1.0
881,64,25.578,26.0,5.039,0,0,0,0,11,64,0.508,64,1.0,0.0,0.0,0.0,0.0,0.1719,1.0
882,87,14.552,14.0,3.326,0,0,0,11,84,87,0.729,87,1.0,0.0,0.0,0.0,0.1264,0.9655,1.0
883,90,13.844,14.0,3.382,0,0,1,15,88,90,0.743,90,1.0,0.0,0.0,0.0111,0.1667,0.9778,1.0
884,127,2.63,2.0,1.227,24,67,126,127,127,127,0.967,127,1.0,0.189,0.5276,0.9921,1.0,1.0,1.0
885,47,35.0,35.0,4.423,0,0,0,0,0,47,0.32,47,1.0,0.0,0.0,0.0,0.0,0.0,1.0
886,49,34.571,34.0,5.099,0,0,0,0,1,49,0.329,49,1.0,0.0,0.0,0.0,0.0,0.0204,1.0
887,72,21.875,22.0,3.669,0,0,0,0,24,72,0.582,72,1.0,0.0,0.0,0.0,0.0,0.3333,1.0
888,125,2.696,3.0,1.239,24,59,124,125,125,125,0.966,125,1.0,0.192,0.472,0.992,1.0,1.0,1.0
889,132,1.955,2.0,0.89,49,94,132,132,132,132,0.981,132,1.0,0.3712,0.7121,1.0,1.0,1.0,1.0
89,128,2.32,2.0,1.15,37,76,127,128,128,128,0.974,128,1.0,0.2891,0.5938,0.9922,1.0,1.0,1.0
890,119,3.79,4.0,1.534,5,25,105,119,119,119,0.944,119,1.0,0.042,0.2101,0.8824,1.0,1.0,1.0
891,50,34.16,34.0,5.16,0,0,0,0,0,50,0.337,50,1.0,0.0,0.0,0.0,0.0,0.0,1.0
892,91,12.923,13.0,3.856,0,1,3,22,89,91,0.762,91,1.0,0.0,0.011,0.033,0.2418,0.978,1.0
893,144,1.167,1.0,0.374,120,144,144,144,144,144,0.997,144,1.0,0.8333,1.0,1.0,1.0,1.0,1.0
894,154,1.0,1.0,0.0,154,154,154,154,154,154,1.0,154,1.0,1.0,1.0,1.0,1.0,1.0,1.0
895,76,18.947,19.0,4.016,0,0,0,3,47,76,0.641,76,1.0,0.0,0.0,0.0,0.0395,0.6184,1.0
896,85,15.047,15.0,3.94,0,0,1,11,78,85,0.719,85,1.0,0.0,0.0,0.0118,0.1294,0.9176,1.0
897,46,36.63,37.0,5.986,0,0,0,0,1,46,0.287,46,1.0,0.0,0.0,0.0,0.0,0.0217,1.0
898,132,2.03,2.0,1.055,48,97,132,132,132,132,0.979,132,1.0,0.3636,0.7348,1.0,1.0,1.0,1.0
899,93,13.269,13.0,3.414,0,0,1,16,92,93,0.755,93,1.0,0.0,0.0,0.0108,0.172,0.9892,1.0
9,69,23.275,24.0,4.382,0,0,0,0,18,69,0.554,69,1.0,0.0,0.0,0.0,0.0,0.2609,1.0
90,110,6.227,6.0,2.329,2,8,43,108,110,110,0.895,110,1.0,0.0182,0.0727,0.3909,0.9818,1.0,1.0
900,153,1.0,1.0,0.0,153,153,153,153,153,153,1.0,153,1.0,1.0,1.0,1.0,1.0,1.0,1.0
901,141,1.326,1.0,0.528,99,137,141,141,141,141,0.993,141,1.0,0.7021,0.9716,1.0,1.0,1.0,1.0
902,137,1.423,1.0,0.615,87,130,137,137,137,137,0.992,137,1.0,0.635,0.9489,1.0,1.0,1.0,1.0
903,108,6.574,6.0,2.738,3,5,43,101,108,108,0.889,108,1.0,0.0278,0.0463,0.3981,0.9352,1.0,1.0
904,65,25.662,25.0,5.044,0,0,0,0,11,65,0.507,65,1.0,0.0,0.0,0.0,0.0,0.1692,1.0
905,145,1.014,1.0,0.117,143,145,145,145,145,145,1.0,145,1.0,0.9862,1.0,1.0,1.0,1.0,1.0
906,65,25.985,26.0,4.189,0,0,0,0,6,65,0.5,65,1.0,0.0,0.0,0.0,0.0,0.0923,1.0
907,150,1.0,1.0,0.0,150,150,150,150,150,150,1.0,150,1.0,1.0,1.0,1.0,1.0,1.0,1.0
908,91,13.132,14.0,3.28,0,0,2,21,91,91,0.757,91,1.0,0.0,0.0,0.022,0.2308,1.0,1.0
909,139,1.532,1.0,0.64,76,128,139,139,139,139,0.989,139,1.0,0.5468,0.9209,1.0,1.0,1.0,1.0
91,133,1.632,2.0,0.712,65,119,133,133,133,133,0.987,133,1.0,0.4887,0.8947,1.0,1.0,1.0,1.0
910,58,29.293,30.0,4.852,0,0,0,0,3,58,0.434,58,1.0,0.0,0.0,0.0,0.0,0.0517,1.0
911,78,19.538,19.0,4.383,0,0,0,1,45,78,0.629,78,1.0,0.0,0.0,0.0,0.0128,0.5769,1.0
912,66,23.727,24.0,5.113,0,0,0,2,16,66,0.545,66,1.0,0.0,0.0,0.0,0.0303,0.2424,1.0
913,78,17.821,19.0,4.404,0,0,1,5,56,78,0.664,78,1.0,0.0,0.0,0.0128,0.0641,0.7179,1.0
914,71,20.944,20.0,4.202,0,0,0,0,36,71,0.601,71,1.0,0.0,0.0,0.0,0.0,0.507,1.0
915,52,31.327,31.0,4.579,0,0,0,0,1,52,0.393,52,1.0,0.0,0.0,0.0,0.0,0.0192,1.0
916,53,28.472,28.0,5.869,0,0,0,0,5,53,0.451,53,1.0,0.0,0.0,0.0,0.0,0.0943,1.0
917,71,24.014,24.0,3.937,0,0,0,0,12,71,0.54,71,1.0,0.0,0.0,0.0,0.0,0.169,1.0
918,54,31.741,31.5,4.452,0,0,0,0,0,54,0.385,54,1.0,0.0,0.0,0.0,0.0,0.0,1.0
919,131,2.176,2.0,1.004,37,86,130,131,131,131,0.976,131,1.0,0.2824,0.6565,0.9924,1.0,1.0,1.0
92,108,7.204,7.0,2.597,0,4,32,96,108,108,0.876,108,1.0,0.0,0.037,0.2963,0.8889,1.0,1.0
920,128,2.391,2.0,1.205,37,72,126,128,128,128,0.972,128,1.0,0.2891,0.5625,0.9844,1.0,1.0,1.0
921,137,1.54,1.0,0.619,72,128,137,137,137,137,0.989,137,1.0,0.5255,0.9343,1.0,1.0,1.0,1.0
922,47,36.596,37.0,4.656,0,0,0,0,0,47,0.288,47,1.0,0.0,0.0,0.0,0.0,0.0,1.0
923,99,9.535,9.0,3.025,0,0,11,59,99,99,0.829,99,1.0,0.0,0.0,0.1111,0.596,1.0,1.0
924,67,23.91,25.0,4.365,0,0,0,0,16,67,0.542,67,1.0,0.0,0.0,0.0,0.0,0.2388,1.0
925,70,21.086,22.0,4.945,0,0,0,2,28,70,0.598,70,1.0,0.0,0.0,0.0,0.0286,0.4,1.0
926,51,33.412,34.0,4.691,0,0,0,0,0,51,0.352,51,1.0,0.0,0.0,0.0,0.0,0.0,1.0
927,92,11.707,12.0,3.444,0,0,3,38,91,92,0.786,92,1.0,0.0,0.0,0.0326,0.413,0.9891,1.0
928,133,1.962,2.0,0.883,48,96,133,133,133,133,0.981,133,1.0,0.3609,0.7218,1.0,1.0,1.0,1.0
929,109,7.073,7.0,2.831,3,6,33,95,109,109,0.879,109,1.0,0.0275,0.055,0.3028,0.8716,1.0,1.0
93,90,13.056,13.0,3.282,0,0,1,20,89,90,0.759,90,1.0,0.0,0.0,0.0111,0.2222,0.9889,1.0
930,57,30.509,31.0,4.744,0,0,0,0,3,57,0.41,57,1.0,0.0,0.0,0.0,0.0,0.0526,1.0
931,113,6.08,6.0,2.276,2,7,51,112,113,113,0.898,113,1.0,0.0177,0.0619,0.4513,0.9912,1.0,1.0
932,79,17.861,18.0,4.676,0,0,1,3,57,79,0.663,79,1.0,0.0,0.0,0.0127,0.038,0.7215,1.0
933,67,27.015,27.0,4.28,0,0,0,0,4,67,0.48,67,1.0,0.0,0.0,0.0,0.0,0.0597,1.0
934,55,32.564,32.0,4.332,0,0,0,0,0,55,0.369,55,1.0,0.0,0.0,0.0,0.0,0.0,1.0
935,47,35.149,36.0,5.949,0,0,0,0,0,47,0.317,47,1.0,0.0,0.0,0.0,0.0,0.0,1.0
936,73,22.411,23.0,4.314,0,0,0,2,17,73,0.572,73,1.0,0.0,0.0,0.0,0.0274,0.2329,1.0
937,146,1.082,1.0,0.276,134,146,146,146,146,146,0.998,146,1.0,0.9178,1.0,1.0,1.0,1.0,1.0
938,77,19.675,20.0,4.083,0,0,0,0,43,77,0.626,77,1.0,0.0,0.0,0.0,0.0,0.5584,1.0
939,62,27.29,27.0,4.275,0,0,0,0,3,62,0.474,62,1.0,0.0,0.0,0.0,0.0,0.0484,1.0
94,146,1.007,1.0,0.083,145,146,146,146,146,146,1.0,146,1.0,0.9932,1.0,1.0,1.0,1.0,1.0
940,66,26.47,26.5,3.812,0,0,0,0,6,66,0.491,66,1.0,0.0,0.0,0.0,0.0,0.0909,1.0
941,106,7.453,7.0,2.781,0,2,24,92,106,106,0.871,106,1.0,0.0,0.0189,0.2264,0.8679,1.0,1.0
942,129,2.279,2.0,1.0,33,76,129,129,129,129,0.974,129,1.0,0.2558,0.5891,1.0,1.0,1.0,1.0
943,122,2.943,3.0,1.294,16,47,118,122,122,122,0.961,122,1.0,0.1311,0.3852,0.9672,1.0,1.0,1.0
944,94,12.032,12.0,3.422,0,0,1,35,94,94,0.779,94,1.0,0.0,0.0,0.0106,0.3723,1.0,1.0
945,51,34.294,35.0,5.486,0,0,0,0,0,51,0.334,51,1.0,0.0,0.0,0.0,0.0,0.0,1.0
946,64,25.0,25.5,5.416,0,0,0,0,16,64,0.52,64,1.0,0.0,0.0,0.0,0.0,0.25,1.0
947,94,10.894,11.0,3.521,0,1,7,42,94,94,0.802,94,1.0,0.0,0.0106,0.0745,0.4468,1.0,1.0
948,97,10.588,10.0,3.297,1,2,8,49,97,97,0.808,97,1.0,0.0103,0.0206,0.0825,0.5052,1.0,1.0
949,141,1.22,1.0,0.449,112,139,141,141,141,141,0.996,141,1.0,0.7943,0.9858,1.0,1.0,1.0,1.0
95,54,32.537,33.0,4.717,0,0,0,0,0,54,0.369,54,1.0,0.0,0.0,0.0,0.0,0.0,1.0
950,59,29.39,30.0,5.075,0,0,0,0,4,59,0.432,59,1.0,0.0,0.0,0.0,0.0,0.0678,1.0
951,130,2.1,2.0,1.07,43,94,129,130,130,130,0.978,130,1.0,0.3308,0.7231,0.9923,1.0,1.0,1.0
952,109,6.826,7.0,2.596,0,9,31,100,109,109,0.883,109,1.0,0.0,0.0826,0.2844,0.9174,1.0,1.0
953,62,26.484,26.0,4.637,0,0,0,0,6,62,0.49,62,1.0,0.0,0.0,0.0,0.0,0.0968,1.0
954,53,33.302,33.0,5.587,0,0,0,0,1,53,0.354,53,1.0,0.0,0.0,0.0,0.0,0.0189,1.0
955,128,2.336,2.0,1.117,33,76,127,128,128,128,0.973,128,1.0,0.2578,0.5938,0.9922,1.0,1.0,1.0
956,137,1.474,1.0,0.595,79,130,137,137,137,137,0.991,137,1.0,0.5766,0.9489,1.0,1.0,1.0,1.0
957,131,2.16,2.0,0.975,37,88,131,131,131,131,0.977,131,1.0,0.2824,0.6718,1.0,1.0,1.0,1.0
958,97,10.495,11.0,3.849,1,3,10,45,97,97,0.81,97,1.0,0.0103,0.0309,0.1031,0.4639,1.0,1.0
959,109,6.606,6.0,2.531,0,7,34,101,109,109,0.888,109,1.0,0.0,0.0642,0.3119,0.9266,1.0,1.0
96,150,1.0,1.0,0.0,150,150,150,150,150,150,1.0,150,1.0,1.0,1.0,1.0,1.0,1.0,1.0
960,143,1.217,1.0,0.43,113,142,143,143,143,143,0.996,143,1.0,0.7902,0.993,1.0,1.0,1.0,1.0
961,117,3.829,4.0,1.881,15,32,94,117,117,117,0.943,117,1.0,0.1282,0.2735,0.8034,1.0,1.0,1.0
962,64,24.062,23.0,4.714,0,0,0,0,15,64,0.539,64,1.0,0.0,0.0,0.0,0.0,0.2344,1.0
963,114,4.693,4.0,2.027,3,14,77,114,114,114,0.926,114,1.0,0.0263,0.1228,0.6754,1.0,1.0,1.0
964,153,1.0,1.0,0.0,153,153,153,153,153,153,1.0,153,1.0,1.0,1.0,1.0,1.0,1.0,1.0
965,50,33.58,34.0,5.515,0,0,0,0,1,50,0.348,50,1.0,0.0,0.0,0.0,0.0,0.02,1.0
966,60,28.1,28.0,5.329,0,0,0,0,5,60,0.458,60,1.0,0.0,0.0,0.0,0.0,0.0833,1.0
967,53,31.943,33.0,5.235,0,0,0,0,1,53,0.381,53,1.0,0.0,0.0,0.0,0.0,0.0189,1.0
968,46,37.217,38.0,5.37,0,0,0,0,0,46,0.276,46,1.0,0.0,0.0,0.0,0.0,0.0,1.0
969,126,2.857,3.0,1.276,18,52,122,126,126,126,0.963,126,1.0,0.1429,0.4127,0.9683,1.0,1.0,1.0
97,135,1.622,1.0,0.711,68,119,135,135,135,135,0.988,135,1.0,0.5037,0.8815,1.0,1.0,1.0,1.0
970,135,1.622,1.0,0.732,69,119,135,135,135,135,0.988,135,1.0,0.5111,0.8815,1.0,1.0,1.0,1.0
971,90,13.356,14.0,3.459,0,0,2,21,88,90,0.753,90,1.0,0.0,0.0,0.0222,0.2333,0.9778,1.0
972,141,1.27,1.0,0.461,104,140,141,141,141,141,0.995,141,1.0,0.7376,0.9929,1.0,1.0,1.0,1.0
973,93,13.14,13.0,3.795,0,1,1,25,91,93,0.757,93,1.0,0.0,0.0108,0.0108,0.2688,0.9785,1.0
974,68,23.176,22.5,4.968,0,0,0,0,21,68,0.556,68,1.0,0.0,0.0,0.0,0.0,0.3088,1.0
975,116,4.319,4.0,1.95,8,20,89,116,116,116,0.934,116,1.0,0.069,0.1724,0.7672,1.0,1.0,1.0
976,129,2.256,2.0,1.07,35,82,128,129,129,129,0.975,129,1.0,0.2713,0.6357,0.9922,1.0,1.0,1.0
977,53,33.679,34.0,4.061,0,0,0,0,0,53,0.346,53,1.0,0.0,0.0,0.0,0.0,0.0,1.0
978,114,5.36,5.0,2.203,1,12,58,114,114,114,0.913,114,1.0,0.0088,0.1053,0.5088,1.0,1.0,1.0
979,98,9.133,9.0,2.994,0,2,11,70,98,98,0.837,98,1.0,0.0,0.0204,0.1122,0.7143,1.0,1.0
98,135,1.844,2.0,0.854,58,101,135,135,135,135,0.983,135,1.0,0.4296,0.7481,1.0,1.0,1.0,1.0
980,154,1.0,1.0,0.0,154,154,154,154,154,154,1.0,154,1.0,1.0,1.0,1.0,1.0,1.0,1.0
981,109,6.468,6.0,2.537,0,4,43,102,109,109,0.891,109,1.0,0.0,0.0367,0.3945,0.9358,1.0,1.0
982,52,32.038,32.0,4.757,0,0,0,0,0,52,0.379,52,1.0,0.0,0.0,0.0,0.0,0.0,1.0
983,51,32.941,33.0,4.99,0,0,0,0,0,51,0.361,51,1.0,0.0,0.0,0.0,0.0,0.0,1.0
984,70,21.986,22.0,4.775,0,0,0,1,25,70,0.58,70,1.0,0.0,0.0,0.0,0.0143,0.3571,1.0
985,111,5.613,6.0,2.257,3,12,50,110,111,111,0.908,111,1.0,0.027,0.1081,0.4505,0.991,1.0,1.0
986,123,3.098,3.0,1.601,23,52,111,123,123,123,0.958,123,1.0,0.187,0.4228,0.9024,1.0,1.0,1.0
987,130,2.308,2.0,1.113,37,77,130,130,130,130,0.974,130,1.0,0.2846,0.5923,1.0,1.0,1.0,1.0
988,94,12.649,13.0,3.378,0,0,3,26,94,94,0.767,94,1.0,0.0,0.0,0.0319,0.2766,1.0,1.0
989,110,6.364,6.0,2.551,1,7,42,106,110,110,0.893,110,1.0,0.0091,0.0636,0.3818,0.9636,1.0,1.0
99,149,1.0,1.0,0.0,149,149,149,149,149,149,1.0,149,1.0,1.0,1.0,1.0,1.0,1.0,1.0
990,135,1.741,2.0,0.733,56,116,135,135,135,135,0.985,135,1.0,0.4148,0.8593,1.0,1.0,1.0,1.0
991,135,1.704,2.0,0.681,56,120,135,135,135,135,0.986,135,1.0,0.4148,0.8889,1.0,1.0,1.0,1.0
992,124,2.758,3.0,1.34,23,58,119,124,124,124,0.965,124,1.0,0.1855,0.4677,0.9597,1.0,1.0,1.0
993,57,27.912,28.0,4.657,0,0,0,0,4,57,0.462,57,1.0,0.0,0.0,0.0,0.0,0.0702,1.0
994,86,14.628,15.0,3.322,0,0,0,8,85,86,0.727,86,1.0,0.0,0.0,0.0,0.093,0.9884,1.0
995,88,14.557,15.0,3.403,0,0,0,10,84,88,0.729,88,1.0,0.0,0.0,0.0,0.1136,0.9545,1.0
996,119,4.025,4.0,1.71,8,24,94,119,119,119,0.939,119,1.0,0.0672,0.2017,0.7899,1.0,1.0,1.0
997,75,21.24,21.0,5.521,0,0,0,3,36,75,0.595,75,1.0,0.0,0.0,0.0,0.04,0.48,1.0
998,120,3.342,3.0,1.475,12,39,110,120,120,120,0.953,120,1.0,0.1,0.325,0.9167,1.0,1.0,1.0
999,62,27.129,27.0,4.374,0,0,0,0,7,62,0.477,62,1.0,0.0,0.0,0.0,0.0,0.1129,1.0
