university_id,total_mentions,weighted_score,best_rank,avg_rank
838,5125,234650,1,5.21
225,5086,232823,1,5.22
532,5135,232634,1,5.7
964,5019,230965,1,4.98
165,5175,230947,1,6.37
173,5021,230627,1,5.07
3,4981,230582,1,4.71
27,5095,230102,1,5.84
141,5143,229752,1,6.33
56,4984,229247,1,5.0
907,5041,229223,1,5.53
657,5056,229044,1,5.7
473,5032,229044,1,5.48
894,4961,228858,1,4.87
199,4985,228516,1,5.16
216,5001,228432,1,5.32
682,4999,228268,1,5.34
900,4953,227893,1,4.99
785,5047,227848,1,5.85
479,4983,227703,1,5.3
322,5008,227547,1,5.56
333,4999,227395,1,5.51
277,5005,227331,1,5.58
310,5031,227119,1,5.86
243,5047,227032,1,6.02
627,5012,227028,1,5.7
839,5082,227020,1,6.33
980,4957,226996,1,5.21
609,5095,226784,1,6.49
410,5133,226640,1,6.85
780,5031,226522,1,5.97
48,5062,226158,1,6.32
147,4924,226054,1,5.09
736,4870,226014,1,4.59
833,4983,225989,1,5.65
29,4936,225821,1,5.25
304,5022,225765,1,6.04
251,4904,225647,1,4.99
782,5064,225543,1,6.46
88,4926,225526,1,5.22
690,5035,225328,1,6.25
96,5036,225203,1,6.28
351,4973,225182,1,5.72
515,4988,224966,1,5.9
641,4990,224869,1,5.94
87,4997,224699,1,6.03
375,4945,224612,1,5.58
309,4933,224565,1,5.48
661,5021,224528,1,6.28
520,4877,224344,1,5.0
384,4921,224294,1,5.42
99,5036,224060,1,6.51
645,4917,224025,1,5.44
540,5119,223971,1,7.25
283,4976,223340,1,6.12
732,4939,223089,1,5.83
113,4966,223056,1,6.08
123,4935,222863,1,5.84
615,5040,222625,1,6.83
377,5093,222583,1,7.3
482,4914,222213,1,5.78
824,4927,222016,1,5.94
132,4858,221964,1,5.31
103,5088,221847,1,7.4
826,5081,221618,1,7.38
862,5069,221500,1,7.3
849,4965,221084,1,6.47
669,4994,221049,1,6.74
469,5075,220952,1,7.46
497,4988,220889,1,6.72
544,4847,220852,1,5.44
550,5041,220782,1,7.2
338,5024,220760,1,7.06
258,4938,220748,1,6.3
633,4940,220727,1,6.32
533,5098,220599,1,7.73
553,4964,219896,1,6.7
654,5100,219844,1,7.89
353,5018,219806,1,7.2
415,5070,219530,1,7.7
19,4963,219217,1,6.83
389,5036,219166,1,7.48
603,5059,219006,1,7.71
167,4982,218929,1,7.06
177,4925,218433,1,6.65
643,5008,218431,1,7.38
358,4909,218102,1,6.57
893,4973,218059,1,7.15
905,4996,217687,1,7.43
937,4988,217532,1,7.39
15,5053,217508,1,7.95
611,4965,217479,1,7.2
581,5115,217293,1,8.52
876,5075,217250,1,8.19
491,4927,217020,1,6.95
36,4953,216836,1,7.22
75,4967,216391,1,7.43
328,5039,216263,1,8.08
765,5037,216195,1,8.08
299,5041,215919,1,8.17
94,4890,215337,1,6.96
522,4959,215332,1,7.58
582,4962,215180,1,7.63
156,4961,215127,1,7.64
585,5052,214857,1,8.47
439,4989,214631,1,7.98
625,4972,214334,1,7.89
674,5022,214239,1,8.34
150,5015,213930,1,8.34
63,5090,213910,1,8.97
391,5008,213422,1,8.38
453,5067,213224,1,8.92
5,4983,213136,1,8.23
575,5007,213009,1,8.46
972,4978,212732,1,8.27
307,4961,212523,1,8.16
151,5049,212336,1,8.94
16,4919,212273,1,7.85
443,5043,212270,1,8.91
507,4997,212011,1,8.57
192,5115,211779,1,9.6
41,5075,211029,1,9.42
433,4847,210749,1,7.52
511,5014,210649,1,8.99
779,4908,210492,1,8.11
45,5008,210095,1,9.05
278,4998,210069,1,8.97
739,5053,210047,1,9.43
360,5070,209773,1,9.62
146,4959,209672,1,8.72
207,5020,209666,1,9.23
257,4993,209645,1,9.01
664,4922,209587,1,8.42
909,5071,209544,1,9.68
619,4925,209530,1,8.46
495,4927,209402,1,8.5
340,4916,209041,1,8.48
593,5031,208601,1,9.54
462,4979,208504,1,9.12
276,5018,208284,1,9.49
490,4958,208269,1,8.99
841,4957,207818,1,9.08
155,4973,207639,1,9.25
949,4942,207480,1,9.02
289,4993,207268,1,9.49
183,5141,207264,1,10.68
386,4971,207135,1,9.33
312,5039,206781,1,9.96
673,5009,206546,1,9.77
33,5050,206473,1,10.11
166,4974,206250,1,9.53
901,4845,206188,1,8.44
960,4844,206150,1,8.44
376,5080,206092,1,10.43
70,4995,205893,1,9.78
198,4933,205516,1,9.34
709,4979,205420,1,9.74
339,4976,205269,1,9.75
98,5155,205239,1,11.19
754,5075,205153,1,10.58
402,4933,204520,1,9.54
140,4990,204411,1,10.04
769,5013,204151,1,10.28
394,5020,204108,1,10.34
295,4974,203479,1,10.09
527,5090,203460,1,11.03
745,5023,203335,1,10.52
454,4935,202995,1,9.87
613,4920,202915,1,9.76
365,5055,202892,1,10.86
546,5119,202765,1,11.39
444,5081,202662,1,11.11
578,4912,202478,1,9.78
72,4952,202330,1,10.14
354,5042,202220,1,10.89
221,5068,202194,1,11.1
749,4942,201936,1,10.14
650,4996,201934,1,10.58
902,4933,201452,1,10.16
485,4928,201327,1,10.15
991,4980,201042,1,10.63
889,5080,200858,1,11.46
990,4979,200857,1,10.66
750,5079,200317,1,11.56
551,5068,200082,1,11.52
921,4928,199954,1,10.42
846,5159,199803,1,12.27
62,5084,199777,1,11.7
956,4873,199623,1,10.03
129,4922,199328,1,10.5
162,5050,199299,1,11.53
357,4943,199244,1,10.69
73,4905,198963,1,10.44
814,5038,198608,1,11.58
859,5070,198565,1,11.84
77,4849,198373,1,10.09
38,5083,198166,1,12.01
629,5077,197691,1,12.06
320,4997,197613,1,11.45
97,4947,197600,1,11.06
970,4897,197364,1,10.7
311,4949,196668,1,11.26
323,5004,196500,1,11.73
298,4998,196455,1,11.69
508,4971,196384,1,11.49
928,5007,196147,1,11.83
768,5149,194852,1,13.16
791,5036,194803,1,12.32
955,5081,194237,1,12.77
18,4906,194210,1,11.41
313,4968,194028,1,11.94
91,4969,193932,1,11.97
194,5057,193901,1,12.66
919,5011,193849,1,12.32
492,5064,193395,1,12.81
848,5073,193146,1,12.93
942,4997,192906,1,12.4
427,5064,192865,1,12.91
296,4994,192652,1,12.42
181,5005,192595,1,12.52
867,5008,192560,1,12.55
441,5123,192397,1,13.44
710,4994,192338,1,12.49
12,5014,192300,1,12.65
347,5067,191792,1,13.15
830,4895,191382,1,11.9
121,5032,191305,1,12.98
119,4985,191255,1,12.63
888,5153,191114,1,13.91
987,5086,191040,1,13.44
957,5052,190704,1,13.25
346,4865,190486,1,11.85
350,5021,190323,1,13.09
718,4900,189755,1,12.27
196,4876,189735,1,12.09
89,5053,189039,1,13.59
759,5045,188828,1,13.57
0,5149,188634,1,14.36
706,5008,188610,1,13.34
684,5040,188564,1,13.59
858,4964,188520,1,13.02
653,4993,188514,1,13.24
976,5070,188479,1,13.82
760,4960,188385,1,13.02
458,5021,187596,1,13.64
233,4977,187562,1,13.31
705,4867,187486,1,12.48
813,4998,187414,1,13.5
783,4913,187186,1,12.9
178,4974,187184,1,13.37
644,4968,186979,1,13.36
898,4907,186074,1,13.08
951,4864,185832,1,12.79
920,5051,185518,1,14.27
884,5090,185504,1,14.56
969,5060,185488,1,14.34
798,5009,185310,1,14.0
659,5005,185246,1,13.99
771,5135,185245,1,14.93
698,4891,185132,1,13.15
249,4865,184986,1,12.98
265,5145,184522,1,15.14
852,4950,184413,1,13.74
630,4930,184156,1,13.65
992,5008,184123,1,14.23
831,4919,184109,1,13.57
393,5103,183158,1,15.11
566,5018,182673,1,14.6
152,5080,182477,1,15.08
174,4996,182105,1,14.55
366,5012,181957,1,14.7
836,4923,181911,1,14.05
467,4918,181765,1,14.04
101,4955,181640,1,14.34
486,4994,181548,1,14.65
571,5033,181272,1,14.98
538,5092,180944,1,15.47
822,5028,180517,1,15.1
671,5058,180450,1,15.32
809,5034,180446,1,15.15
390,5039,180428,1,15.19
106,4957,180410,1,14.61
104,5092,180207,1,15.61
512,5016,179867,1,15.14
314,5029,179792,1,15.25
672,4974,179662,1,14.88
432,4945,179312,1,14.74
440,5039,178270,1,15.62
1,4993,178206,1,15.31
44,5011,178195,1,15.44
37,4952,178055,1,15.04
117,4976,177535,1,15.32
474,5082,177395,1,16.09
355,5041,177392,1,15.81
445,4936,177330,1,15.07
10,5049,176685,1,16.01
998,5056,176671,1,16.06
273,4969,176640,1,15.45
577,5030,176618,1,15.89
761,5027,176464,1,15.9
539,5110,176389,1,16.48
505,4909,176112,1,15.12
138,5067,176006,1,16.26
890,5081,175586,1,16.44
794,4893,175463,1,15.14
738,5018,174143,1,16.3
996,5130,174001,1,17.08
222,4922,173999,1,15.65
986,5001,173152,1,16.38
678,4916,173120,1,15.78
707,4970,172914,1,16.21
855,5040,172765,1,16.72
747,5039,172583,1,16.75
4,5000,172389,1,16.52
943,4936,172297,1,16.09
306,5084,172242,1,17.12
246,5158,171806,1,17.69
726,4927,171611,1,16.17
648,5014,171127,1,16.87
238,5159,170979,1,17.86
53,4927,170561,1,16.38
827,5084,170399,1,17.48
267,4896,170321,1,16.21
234,4979,169866,1,16.88
108,5057,169701,1,17.44
284,4908,169264,1,16.51
237,5056,169150,1,17.54
801,4846,169144,1,16.1
431,4831,169121,1,15.99
157,4967,168858,1,17.0
597,4992,167800,1,17.39
22,4960,167782,1,17.17
691,4935,167684,1,17.02
483,5016,167103,1,17.69
171,4936,167088,1,17.15
719,4922,166701,1,17.13
872,4994,166485,1,17.66
301,4968,165929,1,17.6
161,4934,165898,1,17.38
636,4959,165257,1,17.68
406,4994,165087,1,17.94
385,4819,164994,1,16.76
274,5061,164953,1,18.41
498,5003,164845,1,18.05
842,4945,164538,1,17.73
792,4968,164308,1,17.93
510,5005,163876,1,18.26
28,4980,162837,1,18.3
122,4935,162802,1,18.01
449,5063,162220,1,18.96
244,5003,161964,1,18.63
110,5171,161912,1,19.69
54,5079,161540,1,19.19
281,5021,161159,1,18.9
845,5001,161090,1,18.79
961,4918,161018,1,18.26
975,4987,160868,1,18.74
455,5092,160842,1,19.41
772,5044,160566,1,19.17
235,5004,160347,1,18.96
700,5010,160201,1,19.02
626,5015,159911,1,19.11
752,5028,159733,1,19.23
612,4950,159317,1,18.81
556,4958,159168,1,18.9
32,4956,159077,1,18.9
126,5109,158619,1,19.95
834,5026,158603,1,19.44
623,5026,158280,1,19.51
978,5048,158124,1,19.68
290,4929,157097,1,19.13
240,5047,156929,1,19.91
176,5002,156781,1,19.66
325,4981,156552,1,19.57
487,5097,156476,1,20.3
49,5078,156459,1,20.19
457,4934,155907,1,19.4
13,5079,155716,1,20.34
241,5026,155051,1,20.15
337,4896,154808,1,19.38
461,5162,154571,1,21.06
805,5018,154556,1,20.2
832,4956,154465,1,19.83
963,4854,154363,1,19.2
367,4958,153946,1,19.95
720,4936,153839,1,19.83
764,5025,153725,1,20.41
599,4955,153677,1,19.99
574,5072,153364,1,20.76
617,5136,153178,1,21.18
76,4974,152924,1,20.26
825,4941,152808,1,20.07
731,4940,152671,1,20.09
270,5040,152241,1,20.79
404,4901,152219,1,19.94
219,5112,152133,1,21.24
78,4788,151784,1,19.3
773,4947,151261,1,20.42
148,4968,151223,1,20.56
82,4902,150895,1,20.22
500,5067,150744,1,21.25
931,4975,150594,1,20.73
647,4920,150409,1,20.43
810,5076,150358,1,21.38
215,4881,150149,1,20.24
90,5078,150135,1,21.43
788,4930,149890,1,20.6
506,4958,149525,1,20.84
40,4937,149326,1,20.75
679,5035,149309,1,21.35
250,5034,149244,1,21.35
525,5024,148863,1,21.37
6,4861,148568,1,20.44
985,4899,147599,1,20.87
308,4795,147567,1,20.22
84,5040,147162,1,21.8
989,5088,146902,1,22.13
554,4904,146476,1,21.13
656,4974,146339,1,21.58
514,4882,145523,1,21.19
903,4955,145373,1,21.66
114,5069,144889,1,22.42
480,4976,144622,1,21.94
463,5105,144577,2,22.68
651,4976,144352,1,21.99
158,4940,144272,1,21.8
564,5003,143548,1,22.31
349,5039,143526,3,22.52
188,4942,143466,1,21.97
205,5065,142902,1,22.79
981,5046,142380,2,22.78
959,5052,142153,1,22.86
184,4988,142129,1,22.51
776,5019,141999,1,22.71
332,4996,141651,1,22.65
363,4964,141375,2,22.52
395,5025,141364,1,22.87
92,4899,141259,2,22.17
436,4875,140987,1,22.08
696,4979,140673,2,22.75
429,4863,140509,1,22.11
526,5081,140250,1,23.4
753,4920,140030,2,22.54
952,4933,139927,2,22.63
388,5069,139761,2,23.43
618,4961,139759,1,22.83
448,4978,139758,1,22.92
334,5042,139579,1,23.32
425,4964,139192,2,22.96
548,4891,138978,1,22.58
352,5035,138407,2,23.51
477,4931,138210,2,22.97
456,5024,137882,2,23.56
929,5042,137782,1,23.67
639,4982,137724,1,23.36
66,4937,137563,1,23.14
499,5011,137216,1,23.62
303,4949,137071,1,23.3
941,5074,136771,2,24.04
263,4974,136407,1,23.58
572,5058,136096,2,24.09
476,4982,135806,1,23.74
459,5067,135738,2,24.21
555,5052,135632,2,24.15
424,5168,135487,2,24.78
840,4968,135308,1,23.76
35,5029,135264,1,24.1
722,5007,135112,2,24.02
213,4894,134260,1,23.57
737,4977,134254,2,24.03
422,4866,134152,1,23.43
17,4994,134044,1,24.16
345,4990,134010,2,24.14
871,4974,133896,1,24.08
703,4939,133725,2,23.92
163,4998,133620,2,24.27
804,4994,133386,2,24.29
923,4942,133133,4,24.06
287,4965,132952,2,24.22
621,5091,132622,2,24.95
179,5024,132560,1,24.61
39,4885,132178,2,23.94
64,4987,132159,2,24.5
370,5057,131439,2,25.01
820,4985,131125,1,24.7
860,4863,131069,1,24.05
396,5012,130818,1,24.9
789,4988,130785,2,24.78
537,5018,130393,3,25.01
371,5031,129842,1,25.19
170,4961,129791,3,24.84
628,5018,129456,1,25.2
818,4957,129442,3,24.89
125,4953,129229,2,24.91
321,5072,129141,2,25.54
230,4930,128426,1,24.95
880,4934,127783,3,25.1
755,4908,127734,2,24.97
829,5039,127110,1,25.77
259,5078,126933,1,26.0
568,4990,126763,4,25.6
509,4968,126682,3,25.5
189,4971,126502,2,25.55
317,5075,126275,1,26.12
711,4870,126222,2,25.08
874,4934,126008,2,25.46
481,5020,125677,2,25.96
25,5110,125600,1,26.42
331,4952,125206,3,25.72
873,5009,125146,4,26.02
493,5008,124672,3,26.11
51,4907,124658,3,25.6
7,5011,124454,1,26.16
400,5018,124085,4,26.27
631,4888,124003,1,25.63
262,5032,123754,4,26.41
59,5043,123537,4,26.5
195,5147,123486,4,27.01
979,4841,123257,2,25.54
57,5039,123170,3,26.56
660,5106,123104,3,26.89
153,4922,122827,3,26.05
464,4883,122601,2,25.89
124,5076,122437,2,26.88
398,5058,122426,3,26.8
245,4980,122170,2,26.47
869,4920,122102,3,26.18
535,5151,121790,3,27.36
877,4961,121603,3,26.49
135,5034,120693,1,27.02
71,4955,120396,2,26.7
878,4953,119790,4,26.81
958,4971,119508,1,26.96
261,4962,119239,2,26.97
688,4970,119136,3,27.03
374,4929,118931,2,26.87
300,5075,118882,5,27.57
381,5028,118745,5,27.38
569,5073,118550,1,27.63
204,5130,118522,5,27.9
767,4939,118315,2,27.04
438,4957,118306,3,27.13
80,4992,117947,2,27.37
52,5003,117946,4,27.42
502,5030,117807,4,27.58
430,5065,117655,2,27.77
790,5064,117616,4,27.77
927,5026,116972,4,27.73
948,4999,116719,1,27.65
203,5030,116513,5,27.84
947,5050,115411,2,28.15
403,4986,115379,2,27.86
770,5003,114914,1,28.03
746,5042,114837,2,28.22
591,4862,114416,4,27.47
908,4984,113756,5,28.18
580,4980,113724,2,28.16
20,5062,113635,3,28.55
185,4924,113252,4,28.0
8,5009,113210,4,28.4
418,4982,113051,2,28.31
521,4989,112982,3,28.35
227,4913,112924,2,28.02
602,5113,112811,7,28.94
484,5004,112548,1,28.51
579,5173,112342,4,29.28
988,4960,111976,5,28.42
428,5100,111132,3,29.21
232,4948,110951,4,28.58
608,4969,110846,4,28.69
944,4928,110752,5,28.53
435,4927,110666,4,28.54
452,4924,110423,2,28.57
547,4994,110275,4,28.92
190,5025,110118,4,29.09
93,5108,109464,5,29.57
973,5014,109334,2,29.19
191,5143,109079,5,29.79
857,5066,108835,6,29.52
133,5073,108431,2,29.63
899,4989,108364,4,29.28
236,5050,108131,4,29.59
863,5086,108027,3,29.76
324,5045,107957,7,29.6
143,4957,107608,3,29.29
107,5064,107402,3,29.79
971,5053,107367,5,29.75
892,5011,107274,2,29.59
807,5007,107230,3,29.58
369,4854,107195,3,28.92
218,5098,106559,4,30.1
637,5001,106090,8,29.79
168,5026,105996,4,29.91
209,4958,105576,4,29.71
275,4974,105359,5,29.82
253,4912,104816,1,29.66
883,5098,104627,4,30.48
995,4981,104303,7,30.06
584,4965,104287,6,30.0
26,5068,103915,4,30.5
387,4966,103838,3,30.09
43,4941,103837,5,29.98
567,4995,103554,6,30.27
868,5048,103009,4,30.59
766,5000,102900,4,30.42
560,4808,102624,2,29.66
667,5029,102536,6,30.61
255,5146,102467,5,31.09
305,5009,102140,3,30.61
854,4998,101867,4,30.62
744,4970,101522,6,30.57
864,4854,101494,4,30.09
412,5086,101265,6,31.09
994,5050,101004,6,31.0
326,5096,100716,6,31.24
882,5055,100540,8,31.11
272,5122,99901,7,31.5
865,4959,99182,4,31.0
470,4846,99105,5,30.55
120,5003,99070,7,31.2
411,4918,99065,2,30.86
528,5025,98311,8,31.44
279,5107,98288,4,31.75
819,4951,98154,4,31.17
866,5062,98112,6,31.62
542,5082,97784,4,31.76
242,5031,97674,4,31.59
896,5075,97502,5,31.79
632,5029,97392,5,31.63
728,4927,96718,9,31.37
210,5068,96632,5,31.93
220,4968,96632,5,31.55
359,4963,96122,5,31.63
223,4981,95800,5,31.77
378,4960,95766,5,31.69
821,4975,95748,4,31.75
646,4988,95522,8,31.85
658,4926,95521,3,31.61
649,5022,95460,5,31.99
145,5099,95167,8,32.34
211,5134,93986,8,32.69
142,5022,93607,6,32.36
372,5026,93451,5,32.41
55,5078,92763,7,32.73
534,5041,92252,8,32.7
416,4952,91782,6,32.47
536,4984,91511,3,32.64
687,5010,91430,9,32.75
655,5006,91352,6,32.75
282,4912,90691,6,32.54
529,5067,90687,8,33.1
724,5011,90547,6,32.93
269,5012,90401,5,32.96
795,4979,90323,7,32.86
344,4963,90194,5,32.83
530,5002,90160,7,32.98
212,4958,90111,3,32.83
160,4914,90064,5,32.67
875,5059,89341,7,33.34
24,4987,89076,5,33.14
292,5001,88775,6,33.25
823,5051,88693,3,33.44
229,4951,88301,6,33.17
694,5029,88106,9,33.48
131,4950,87311,7,33.36
701,4967,87283,9,33.43
727,5027,87272,9,33.64
913,5117,87230,5,33.95
670,5041,87140,6,33.71
717,5001,87122,8,33.58
83,4923,87048,8,33.32
380,4919,86797,6,33.35
34,5096,86691,9,33.99
193,4993,86595,6,33.66
420,5172,86310,7,34.31
932,4976,86286,5,33.66
595,4930,86219,6,33.51
471,5041,85866,10,33.97
399,4954,85582,2,33.72
169,5037,85437,6,34.04
614,5073,85234,10,34.2
465,5093,84571,5,34.39
589,5007,84253,6,34.17
50,5080,83773,9,34.51
239,4928,83721,4,34.01
774,4966,83429,5,34.2
288,4796,83384,6,33.61
757,5003,83180,6,34.37
565,5129,83145,7,34.79
895,5066,82604,9,34.69
861,4943,82570,8,34.3
112,4917,82431,5,34.24
714,4965,82182,8,34.45
130,4983,81580,9,34.63
494,5049,80898,9,34.98
853,4904,80704,6,34.54
570,4878,80680,7,34.46
800,5087,80676,4,35.14
450,5025,80560,7,34.97
856,5126,80365,9,35.32
604,5053,79619,10,35.24
803,4972,79609,5,34.99
329,5024,79189,7,35.24
652,5035,78863,9,35.34
576,5046,78756,8,35.39
79,5071,78514,5,35.52
911,4996,78400,8,35.31
23,4966,78000,10,35.29
14,5117,77530,10,35.85
762,5031,76961,7,35.7
316,5057,76679,9,35.84
451,5023,76644,10,35.74
640,4948,76452,5,35.55
938,4832,76303,11,35.21
587,5021,76294,8,35.81
42,5078,76201,10,35.99
86,4921,76134,8,35.53
248,4965,76028,11,35.69
434,4955,75757,8,35.71
751,4895,75704,9,35.53
226,4909,75623,10,35.6
552,4983,75395,8,35.87
620,4994,75147,8,35.95
740,5037,74971,8,36.12
914,5088,74700,12,36.32
109,4980,74697,12,36.0
676,5069,74632,10,36.28
421,5140,74565,5,36.49
472,5168,74537,11,36.58
447,5077,74099,10,36.4
756,4949,74068,8,36.03
843,4941,73575,11,36.11
356,4937,73414,9,36.13
118,4953,72937,8,36.27
200,5010,72877,8,36.45
11,5079,72666,10,36.69
715,5072,72478,10,36.71
808,5077,72362,6,36.75
616,4994,72346,10,36.51
541,5031,72075,8,36.67
683,4970,72008,11,36.51
887,4945,70585,13,36.73
665,4964,70532,6,36.79
549,5011,69827,5,37.07
518,4908,69266,9,36.89
689,4835,69106,8,36.71
419,4964,68999,8,37.1
202,5083,68993,10,37.43
925,5074,68631,6,37.47
318,4941,68580,11,37.12
187,5046,67843,12,37.56
127,4999,67808,10,37.44
254,5015,67444,12,37.55
984,5043,67395,9,37.64
197,5083,67040,11,37.81
997,4946,66821,9,37.49
758,4977,66537,10,37.63
699,4887,66537,10,37.38
208,4972,66298,6,37.67
777,5063,66091,13,37.95
383,5123,66032,14,38.11
9,5034,65893,12,37.91
815,4960,65693,9,37.76
437,4972,65639,7,37.8
558,4902,65260,9,37.69
159,5077,64879,12,38.22
936,4966,64750,8,37.96
586,4916,64702,8,37.84
144,5008,64598,10,38.1
784,5031,64325,13,38.21
917,4965,64143,12,38.08
685,5031,63756,13,38.33
642,4969,63626,13,38.2
405,5035,63393,9,38.41
663,4984,63335,4,38.29
446,5016,63071,12,38.43
811,4967,62874,11,38.34
733,4949,62417,11,38.39
524,4890,62407,10,38.24
61,4945,62191,7,38.42
588,4983,62140,12,38.53
228,4941,61752,11,38.5
531,5076,61683,10,38.85
291,4975,61411,12,38.66
478,4946,61060,13,38.65
912,4998,61004,7,38.79
816,5131,60388,13,39.23
725,5055,60366,11,39.06
186,5068,60218,12,39.12
302,5061,60001,15,39.14
503,4903,59610,13,38.84
692,5047,59320,14,39.25
139,5064,58504,4,39.45
605,4956,58328,13,39.23
781,4891,58167,14,39.11
729,4981,57934,13,39.37
924,4987,57807,11,39.41
31,4842,57409,8,39.14
592,4923,57272,14,39.37
974,4830,57255,11,39.15
206,4909,57012,15,39.39
2,4996,56952,13,39.6
557,4856,56781,15,39.31
850,4980,56698,14,39.61
680,5057,56638,11,39.8
523,4854,56622,12,39.33
600,5037,56580,14,39.77
115,4970,56571,12,39.62
962,4924,56458,12,39.53
260,5047,56145,13,39.88
634,4967,55877,13,39.75
69,4949,55762,15,39.73
590,4991,55578,13,39.86
252,4926,55272,11,39.78
342,5038,55087,13,40.07
675,5004,54924,11,40.02
256,4952,54901,16,39.91
545,5040,54799,14,40.13
85,5118,54758,12,40.3
775,5049,54407,12,40.22
940,5046,54129,18,40.27
946,5053,53791,14,40.35
468,5019,53292,13,40.38
134,5033,53241,15,40.42
67,5042,53221,13,40.44
716,5022,52964,10,40.45
596,4882,52884,11,40.17
708,4978,52683,14,40.42
74,5017,52633,13,40.51
681,5000,52470,16,40.51
906,4993,52341,12,40.52
881,5027,52207,13,40.61
426,5013,51931,12,40.64
933,4933,51749,11,40.51
341,5025,51718,10,40.71
164,5095,51647,18,40.86
904,4904,51339,15,40.53
201,4982,51202,15,40.72
610,4999,51142,14,40.77
677,4970,51056,16,40.73
102,5013,50923,14,40.84
763,5040,50239,15,41.03
693,5008,49610,11,41.09
105,4913,49403,17,40.94
81,4908,49294,10,40.96
573,4990,48866,18,41.21
382,4929,48596,16,41.14
702,4870,48486,14,41.04
601,4939,48438,13,41.19
999,5044,48347,8,41.41
214,5133,48243,11,41.6
264,5091,48178,14,41.54
828,4868,48131,17,41.11
953,5064,47727,14,41.58
286,4945,47645,16,41.37
966,5025,47590,14,41.53
939,4925,47238,17,41.41
787,5155,47157,19,41.85
870,5031,46937,17,41.67
594,4915,46888,12,41.46
442,4973,46823,14,41.58
335,5045,46739,15,41.74
812,4983,46676,17,41.63
414,5050,46190,16,41.85
128,5034,45874,14,41.89
111,5138,45842,14,42.08
136,5117,45772,14,42.05
562,4941,45741,13,41.74
285,4970,45664,14,41.81
466,4986,45615,15,41.85
879,4984,45601,13,41.85
413,5121,45275,17,42.16
686,4983,45170,16,41.94
362,5135,44978,12,42.24
638,5189,44716,12,42.38
950,5001,43907,15,42.22
319,4988,43733,15,42.23
294,5090,43627,14,42.43
297,4988,43598,13,42.26
910,5000,43392,16,42.32
583,5060,43297,15,42.44
224,4985,42907,16,42.39
837,4995,42807,15,42.43
379,4976,42803,16,42.4
401,5188,42755,16,42.76
993,4915,42285,14,42.4
930,4983,42116,17,42.55
513,5013,41799,12,42.66
741,5012,41601,20,42.7
397,5098,41496,10,42.86
561,5083,41266,12,42.88
496,5033,41262,15,42.8
817,5047,41091,16,42.86
501,5003,40868,17,42.83
475,5084,40539,16,43.03
721,5027,40168,18,43.01
417,5064,40069,18,43.09
137,5120,39559,17,43.27
149,5077,39555,18,43.21
488,5011,39469,17,43.12
697,5059,39369,18,43.22
60,5043,39209,18,43.23
635,5097,39106,18,43.33
844,5029,39016,13,43.24
847,4993,38875,19,43.21
315,4943,38471,16,43.22
916,5053,38348,13,43.41
835,4989,38337,18,43.32
392,5006,38329,12,43.34
624,4980,37903,18,43.39
559,4998,37574,13,43.48
327,5072,37549,18,43.6
46,5078,37470,18,43.62
806,5105,36985,14,43.76
786,5152,36532,15,43.91
563,4850,35999,19,43.58
409,5020,35990,21,43.83
58,5009,35605,19,43.89
271,5075,35524,15,44.0
182,5086,35400,15,44.04
172,4997,35304,20,43.93
797,5138,35185,20,44.15
21,4927,35043,19,43.89
934,5029,34802,17,44.08
336,5003,34700,16,44.06
517,5176,34682,14,44.3
423,5124,34490,17,44.27
180,4931,34457,20,44.01
217,5024,34368,17,44.16
95,4998,34335,21,44.13
695,5007,34239,17,44.16
983,5028,34012,18,44.24
266,4948,33987,20,44.13
368,4955,33789,15,44.18
967,4940,33763,13,44.17
606,5123,33285,16,44.5
622,4862,33207,19,44.17
915,4941,33054,20,44.31
918,4900,32994,21,44.27
668,4987,32924,17,44.4
712,5061,32501,17,44.58
68,5001,32279,22,44.55
982,4881,32192,16,44.4
723,5018,31821,22,44.66
954,4929,31644,15,44.58
154,4941,31636,21,44.6
408,4931,31594,18,44.59
268,4936,31305,20,44.66
977,4942,30979,21,44.73
598,5087,30891,24,44.93
116,4925,30877,18,44.73
407,4909,30245,22,44.84
735,4995,30202,24,44.95
713,4986,30173,23,44.95
361,5004,30133,21,44.98
364,4800,30093,18,44.73
100,5059,30088,20,45.05
802,5099,29794,20,45.16
704,5026,29750,19,45.08
343,5023,29547,20,45.12
373,5093,29504,16,45.21
748,4924,29476,15,45.01
543,4924,29436,21,45.02
519,5132,29375,18,45.28
607,5028,29356,23,45.16
280,5027,29229,15,45.19
945,5041,29136,19,45.22
926,4926,29134,21,45.09
47,4973,29101,17,45.15
742,4921,28941,16,45.12
730,4973,28284,24,45.31
293,4830,28284,16,45.14
793,4942,28283,18,45.28
460,4995,28250,24,45.34
886,5078,28077,14,45.47
247,4889,28004,21,45.27
965,4958,27919,17,45.37
348,4916,27894,20,45.33
666,4949,27819,25,45.38
330,5030,27808,23,45.47
891,4936,27737,19,45.38
231,4932,27677,22,45.39
516,4958,27320,16,45.49
734,4939,27082,23,45.52
662,5013,26645,18,45.68
30,4903,26601,21,45.57
922,5051,26595,24,45.73
743,5096,26532,20,45.79
175,5098,26467,20,45.81
935,4982,26400,18,45.7
796,4848,25931,21,45.65
65,5060,25670,21,45.93
885,5108,25636,23,45.98
851,5016,25488,20,45.92
504,4945,25276,18,45.89
778,5021,25178,19,45.99
799,4949,25123,21,45.92
897,4947,23813,15,46.19
968,4881,23566,24,46.17
489,5036,22651,20,46.5
